,0,1,2,3,4,5,6,7,8,9,10,11,12,13,14,15,16,17,18,19,20,21,22,23,24,25,26,27,28,29,30,31,32,33,34,35,36,37,38,39,40,41,42,43,44,45,46,47,48,49,50,51,52,53,54,55,56,57,58,59,60,61,62,63,64,65,66,67,68,69,70,71,72,73,74,75,76,77,78,79,80,81,82,83,84,85,86,87,88,89,90,91,92,93,94,95,96,97,98,99,100,101,102,103,104,105,106,107,108,109,110,111,112,113,114,115,116,117,118,119,120,121,122,123,124,125,126,127,128,129,130,131,132,133,134,135,136,137,138,139,140,141,142,143,144,145,146,147,148,149,150,151,152,153,154,155,156,157,158,159,160,161,162,163,164,165,166,167
0,0,0,0,0,0,0,0,0,0,0,0,0,0,0,0,0,0,0,0,0,0,0,0,0,0,0,0,0,0,0,0,0,0,0,0,0,0,0,0,0,0,0,0,0,0,0,0,0,0,0,0,0,0,0,0,0,0,0,0,0,0,0,0,0,0,0,0,0,0,0,0,0,0,0,0,0,0,0,0,0,0,0,0,0,0,0,0,0,0,0,0,0,0,0,0,0,0,0,0,0,0,0,0,0,0,0,0,0,0,0,0,0,0,0,0,0,0,0,0,0,0,0,0,0,0,0,0,0,0,0,0,0,0,0,0,0,0,0,0,0,0,0,0,0,0,0,0,0,0,0,0,0,0,0,0,0,0,0,0,0,0,0,0,0,0,0,0,0
1,0,0,0,0,0,0,0,0,0,0,0,0,0,0,0,0,0,0,0,0,0,0,0,0,0,0,0,0,0,0,0,0,0,0,0,0,0,0,0,0,0,0,0,0,0,0,0,0,0,0,0,0,0,0,0,0,0,0,0,0,0,0,0,0,0,0,0,0,0,0,0,0,0,0,0,0,0,0,0,0,0,0,0,0,0,0,0,0,0,0,0,0,0,0,0,0,0,0,0,0,0,0,0,0,0,0,0,0,0,0,0,0,0,0,0,0,0,0,0,0,0,0,0,0,0,0,0,0,0,0,0,0,0,0,0,0,0,0,0,0,0,0,0,0,0,0,0,0,0,0,0,0,0,0,0,0,0,0,0,0,0,0,0,0,0,0,0,0
2,0,0,0,0,0,0,0,0,0,0,0,0,0,0,0,0,0,0,0,0,0,0,0,0,0,0,0,0,0,0,0,0,0,0,0,0,0,0,0,0,0,0,0,0,0,0,0,0,0,0,0,0,0,0,0,0,0,0,0,0,0,0,0,0,0,0,0,0,0,0,0,0,0,0,0,0,0,0,0,0,0,0,0,0,0,0,0,0,0,0,0,0,0,0,0,0,0,0,0,0,0,0,0,0,0,0,0,0,0,0,0,0,0,0,0,0,0,0,0,0,0,0,0,0,0,0,0,0,0,0,0,0,0,0,0,0,0,0,0,0,0,0,0,0,0,0,0,0,0,0,0,0,0,0,0,0,0,0,0,0,0,0,0,0,0,0,0,0
3,0,0,0,0,0,0,0,0,0,0,0,0,0,0,0,0,0,0,0,0,0,0,0,0,0,0,0,0,0,0,0,0,0,0,0,0,0,0,0,0,0,0,0,0,0,0,0,0,0,0,0,0,0,0,0,0,0,0,0,0,0,0,0,0,0,0,0,0,0,0,0,0,0,0,0,0,0,0,0,0,0,0,0,0,0,0,0,0,0,0,0,0,0,0,0,0,0,0,0,0,0,0,0,0,0,0,0,0,0,0,0,0,0,0,0,0,0,0,0,0,0,0,0,0,0,0,0,0,0,0,0,0,0,0,0,0,0,0,0,0,0,0,0,0,0,0,0,0,0,0,0,0,0,0,0,0,0,0,0,0,0,0,0,0,0,0,0,0
4,0,0,0,0,0,0,0,0,0,0,0,0,0,0,0,0,0,0,0,0,0,0,0,0,0,0,0,0,0,0,0,0,0,0,0,0,0,0,0,0,0,0,0,0,0,0,0,0,0,0,0,0,0,0,0,0,0,0,0,0,0,0,0,0,0,0,0,0,0,0,0,0,0,0,0,0,0,0,0,0,0,0,0,0,0,0,0,0,0,0,0,0,0,0,0,0,0,0,0,0,0,0,0,0,0,0,0,0,0,0,0,0,0,0,0,0,0,0,0,0,0,0,0,0,0,0,0,0,0,0,0,0,0,0,0,0,0,0,0,0,0,0,0,0,0,0,0,0,0,0,0,0,0,0,0,0,0,0,0,0,0,0,0,0,0,0,0,0
5,0,0,0,0,0,0,0,0,0,0,0,0,0,0,0,0,0,0,0,0,0,0,0,0,0,0,0,0,0,0,0,0,0,0,0,0,0,0,0,0,0,0,0,0,0,0,0,0,0,0,0,0,0,0,0,0,0,0,0,0,0,0,0,0,0,0,0,0,0,0,0,0,0,0,0,0,0,0,0,0,0,0,0,0,0,0,0,0,0,0,0,0,0,0,0,0,0,0,0,0,0,0,0,0,0,0,0,0,0,0,0,0,0,0,0,0,0,0,0,0,0,0,0,0,0,0,0,0,0,0,0,0,0,0,0,0,0,0,0,0,0,0,0,0,0,0,0,0,0,0,0,0,0,0,0,0,0,0,0,0,0,0,0,0,0,0,0,0
6,0,0,0,0,0,0,0,0,0,0,0,0,0,0,0,0,0,0,0,0,0,0,0,0,0,0,0,0,0,0,0,0,0,0,0,0,0,0,0,0,0,0,0,0,0,0,0,0,0,0,0,0,0,0,0,0,0,0,0,0,0,0,0,0,0,0,0,0,0,0,0,0,0,0,0,0,0,0,0,0,0,0,0,0,0,0,0,0,0,0,0,0,0,0,0,0,0,0,0,0,0,0,0,0,0,0,0,0,0,0,0,0,0,0,0,0,0,0,0,0,0,0,0,0,0,0,0,0,0,0,0,0,0,0,0,0,0,0,0,0,0,0,0,0,0,0,0,0,0,0,0,0,0,0,0,0,0,0,0,0,0,0,0,0,0,0,0,0
7,0,0,0,0,0,0,0,93,0,0,93,0,0,0,2,0,0,0,35,0,2,0,4,18,2,4,1,3,1,1,0,4,6,2,0,71,5,7,2,4,2,3,6,0,49,0,72,3,9,43,6,15,10,37,6,2,15,6,14,6,8,12,2,21,33,35,11,1,9,15,22,20,6,37,35,54,40,22,78,38,77,14,66,44,86,15,8,77,50,28,61,87,25,36,91,66,88,46,54,29,50,29,6,40,83,37,8,25,28,90,46,44,14,9,12,20,90,29,25,80,87,87,89,39,30,40,91,20,26,23,83,40,75,8,22,89,93,44,84,87,22,82,91,23,34,90,29,87,54,91,83,41,73,92,55,92,93,92,92,75,92,72,75,93,93,0,0,0
8,0,0,0,0,0,0,0,0,0,0,0,0,0,0,0,0,0,0,0,0,0,0,0,0,0,0,0,0,0,0,0,0,0,0,0,0,0,0,0,0,0,0,0,0,0,0,0,0,0,0,0,0,0,0,0,0,0,0,0,0,0,0,0,0,0,0,0,0,0,0,0,0,0,0,0,0,0,0,0,0,0,0,0,0,0,0,0,0,0,0,0,0,0,0,0,0,0,0,0,0,0,0,0,0,0,0,0,0,0,0,0,0,0,0,0,0,0,0,0,0,0,0,0,0,0,0,0,0,0,0,0,0,0,0,0,0,0,0,0,0,0,0,0,0,0,0,0,0,0,0,0,0,0,0,0,0,0,0,0,0,0,0,0,0,0,0,0,0
9,0,0,0,0,0,0,0,0,0,0,0,0,0,0,0,0,0,0,0,0,0,0,0,0,0,0,0,0,0,0,0,0,0,0,0,0,0,0,0,0,0,0,0,0,0,0,0,0,0,0,0,0,0,0,0,0,0,0,0,0,0,0,0,0,0,0,0,0,0,0,0,0,0,0,0,0,0,0,0,0,0,0,0,0,0,0,0,0,0,0,0,0,0,0,0,0,0,0,0,0,0,0,0,0,0,0,0,0,0,0,0,0,0,0,0,0,0,0,0,0,0,0,0,0,0,0,0,0,0,0,0,0,0,0,0,0,0,0,0,0,0,0,0,0,0,0,0,0,0,0,0,0,0,0,0,0,0,0,0,0,0,0,0,0,0,0,0,0
10,0,0,0,0,0,0,0,93,0,0,108,0,0,0,2,0,0,0,36,0,2,2,7,20,2,4,1,3,1,2,0,4,6,2,0,72,7,9,2,4,2,4,9,0,49,1,73,3,12,43,6,17,14,41,6,4,19,6,14,6,8,16,4,21,37,43,11,1,10,17,24,30,6,41,44,54,44,22,86,46,78,17,72,49,96,23,11,78,53,36,70,94,29,40,101,73,95,54,55,38,54,31,7,49,89,42,11,30,33,98,60,52,23,12,16,26,98,43,27,87,99,98,93,43,37,47,100,32,38,25,93,48,84,11,29,97,105,51,89,96,26,92,100,32,42,100,43,98,61,100,92,52,83,102,66,106,103,107,105,85,107,84,87,107,108,0,0,0
11,0,0,0,0,0,0,0,0,0,0,0,0,0,0,0,0,0,0,0,0,0,0,0,0,0,0,0,0,0,0,0,0,0,0,0,0,0,0,0,0,0,0,0,0,0,0,0,0,0,0,0,0,0,0,0,0,0,0,0,0,0,0,0,0,0,0,0,0,0,0,0,0,0,0,0,0,0,0,0,0,0,0,0,0,0,0,0,0,0,0,0,0,0,0,0,0,0,0,0,0,0,0,0,0,0,0,0,0,0,0,0,0,0,0,0,0,0,0,0,0,0,0,0,0,0,0,0,0,0,0,0,0,0,0,0,0,0,0,0,0,0,0,0,0,0,0,0,0,0,0,0,0,0,0,0,0,0,0,0,0,0,0,0,0,0,0,0,0
12,0,0,0,0,0,0,0,0,0,0,0,0,55,1,0,1,0,0,3,0,0,1,3,52,5,0,1,3,4,8,0,1,1,0,0,2,6,11,1,1,0,4,5,0,1,3,4,5,20,3,1,3,10,14,2,0,8,2,1,2,2,9,1,1,18,7,3,0,32,1,55,29,2,13,31,4,18,5,20,17,4,15,18,13,18,14,12,7,15,29,33,22,12,55,34,18,21,26,5,36,16,55,7,29,19,19,13,20,12,35,38,23,23,11,17,20,37,33,6,26,36,55,19,55,16,14,34,25,23,17,33,36,16,13,13,28,37,23,41,28,12,35,34,18,23,36,33,55,21,28,28,17,43,38,41,45,30,50,47,35,55,34,37,55,41,0,0,0
13,0,0,0,0,0,0,0,0,0,0,0,0,1,32,0,0,0,0,0,0,0,0,0,0,3,0,0,1,1,0,0,0,0,0,0,13,0,2,1,1,0,0,4,0,2,0,3,2,1,1,0,0,13,21,1,0,3,2,2,1,1,2,1,2,9,2,32,0,4,0,1,2,2,6,6,3,6,3,16,11,7,19,15,23,9,4,0,32,7,26,16,16,2,1,22,15,12,5,3,18,5,3,0,28,8,7,0,5,8,17,23,3,7,4,4,7,17,22,4,18,17,10,16,32,12,1,14,19,25,5,27,17,12,0,2,19,19,25,24,17,6,22,14,2,12,21,22,11,12,16,26,13,29,26,28,26,25,26,27,15,28,16,16,28,19,0,0,0
14,0,0,0,0,0,0,0,2,0,0,2,0,0,0,7,1,1,0,2,0,0,1,1,0,1,2,0,0,0,0,0,0,0,0,0,2,1,1,0,0,0,0,2,0,1,0,2,0,0,2,0,0,3,4,0,0,5,0,0,0,0,3,0,0,1,4,0,0,0,0,1,6,0,1,1,3,2,1,2,1,2,2,4,2,3,0,0,2,7,1,3,3,1,1,5,5,5,3,3,1,4,1,0,2,6,7,0,1,7,4,0,5,3,3,1,3,4,2,1,6,4,3,7,1,2,6,7,2,2,0,4,6,3,0,0,5,6,4,5,7,3,3,7,3,5,7,2,3,5,7,4,6,7,5,6,5,7,5,7,5,5,4,6,7,7,0,0,0
15,0,0,0,0,0,0,0,0,0,0,0,0,1,0,1,46,1,0,13,0,0,46,3,3,0,3,0,0,2,5,0,0,0,1,0,3,1,2,0,0,1,0,1,0,4,0,3,1,7,16,0,0,5,13,0,2,39,0,0,0,0,13,2,0,5,18,1,0,1,2,3,23,1,12,17,18,3,1,12,5,4,12,19,7,19,11,1,4,35,23,24,16,18,4,25,20,28,16,21,15,17,4,2,20,27,7,1,23,24,17,18,25,2,8,26,21,17,24,3,32,21,21,28,5,4,23,31,28,23,4,27,30,12,2,4,29,46,15,29,35,19,18,31,6,18,42,26,22,31,32,20,43,31,37,26,32,43,31,42,38,33,19,36,45,46,0,0,0
16,0,0,0,0,0,0,0,0,0,0,0,0,0,0,1,1,75,0,0,0,0,3,4,7,12,13,1,0,0,0,0,5,5,4,0,3,4,17,0,0,0,9,4,0,0,1,2,0,0,18,7,4,17,10,7,0,12,7,9,7,7,12,0,8,26,31,7,5,12,0,8,16,8,12,20,18,24,3,15,23,10,11,19,24,24,19,10,10,16,32,36,21,29,15,20,40,21,32,23,28,40,12,7,29,40,30,13,31,16,24,30,37,33,15,24,36,27,51,3,32,38,28,20,16,32,33,52,40,44,7,34,33,28,14,24,18,41,20,37,16,21,35,52,36,52,30,53,31,40,51,42,54,36,43,51,50,60,48,56,61,55,55,69,70,73,0,0,0
17,0,0,0,0,0,0,0,0,0,0,0,0,0,0,0,0,0,0,0,0,0,0,0,0,0,0,0,0,0,0,0,0,0,0,0,0,0,0,0,0,0,0,0,0,0,0,0,0,0,0,0,0,0,0,0,0,0,0,0,0,0,0,0,0,0,0,0,0,0,0,0,0,0,0,0,0,0,0,0,0,0,0,0,0,0,0,0,0,0,0,0,0,0,0,0,0,0,0,0,0,0,0,0,0,0,0,0,0,0,0,0,0,0,0,0,0,0,0,0,0,0,0,0,0,0,0,0,0,0,0,0,0,0,0,0,0,0,0,0,0,0,0,0,0,0,0,0,0,0,0,0,0,0,0,0,0,0,0,0,0,0,0,0,0,0,0,0,0
18,0,0,0,0,0,0,0,35,0,0,36,0,3,0,2,13,0,0,274,0,1,21,2,13,5,6,2,4,9,11,0,11,16,7,0,60,21,35,5,6,3,22,16,0,15,5,46,14,19,38,16,24,31,62,22,5,66,22,21,22,23,94,5,20,67,68,23,4,24,10,19,63,27,64,150,52,73,51,147,102,79,64,141,37,191,107,68,85,96,109,123,144,105,54,148,148,140,96,65,173,172,51,55,113,235,62,71,100,56,154,211,113,58,34,78,96,161,170,54,184,230,210,117,70,170,97,199,170,160,39,134,134,106,71,89,145,259,127,137,122,53,195,199,166,190,165,174,217,119,179,157,140,202,198,147,235,186,251,201,205,255,229,248,239,274,0,0,0
19,0,0,0,0,0,0,0,0,0,0,0,0,0,0,0,0,0,0,0,0,0,0,0,0,0,0,0,0,0,0,0,0,0,0,0,0,0,0,0,0,0,0,0,0,0,0,0,0,0,0,0,0,0,0,0,0,0,0,0,0,0,0,0,0,0,0,0,0,0,0,0,0,0,0,0,0,0,0,0,0,0,0,0,0,0,0,0,0,0,0,0,0,0,0,0,0,0,0,0,0,0,0,0,0,0,0,0,0,0,0,0,0,0,0,0,0,0,0,0,0,0,0,0,0,0,0,0,0,0,0,0,0,0,0,0,0,0,0,0,0,0,0,0,0,0,0,0,0,0,0,0,0,0,0,0,0,0,0,0,0,0,0,0,0,0,0,0,0
20,0,0,0,0,0,0,0,2,0,0,2,0,0,0,0,0,0,0,1,0,21,1,0,3,1,1,0,1,3,0,0,0,1,0,0,4,0,10,1,1,1,5,9,0,16,1,3,4,3,5,0,5,8,5,1,3,3,1,1,1,1,7,3,1,5,3,1,0,3,4,3,4,1,6,8,21,14,8,15,9,4,5,15,12,11,6,4,6,6,7,8,8,5,9,10,15,10,5,21,8,5,7,4,6,5,8,9,5,5,8,7,10,2,3,3,3,8,6,11,15,16,11,7,12,4,7,12,6,5,12,16,6,11,9,6,10,17,9,9,7,5,17,12,5,5,11,6,13,8,17,15,10,14,13,11,17,12,17,15,11,17,14,14,17,19,0,0,0
21,0,0,0,0,0,0,0,0,0,0,2,0,1,0,1,46,3,0,21,0,1,167,7,7,14,6,1,0,7,6,0,12,12,3,0,9,11,38,0,1,9,39,15,0,6,5,10,6,9,26,19,19,33,44,18,2,66,18,11,18,19,83,2,15,74,64,20,1,23,4,8,50,20,33,65,32,52,10,65,65,30,44,81,37,71,44,44,33,76,110,104,75,52,40,69,88,80,90,47,73,87,31,14,79,100,58,50,53,48,80,93,85,50,19,45,48,82,78,12,101,110,81,66,51,82,60,94,86,98,29,112,69,85,51,59,89,142,58,84,86,40,106,94,72,109,116,127,94,80,120,117,115,106,131,94,142,123,138,137,117,144,125,149,154,167,0,0,0
22,0,0,0,0,0,0,0,4,0,0,7,0,3,0,1,3,4,0,2,0,0,7,206,14,11,7,0,4,10,5,0,10,13,2,0,16,7,30,5,5,4,18,32,0,9,2,14,13,15,18,15,18,39,82,18,5,75,18,16,18,19,44,5,15,69,58,18,5,31,8,19,73,22,76,78,18,52,11,112,56,29,62,92,57,92,70,29,40,68,137,109,110,81,48,154,95,97,78,26,117,65,43,14,96,71,206,31,53,122,206,136,95,57,46,59,57,206,116,15,103,123,106,206,58,111,175,110,83,105,34,139,106,84,33,70,155,140,114,93,141,80,173,110,61,120,174,117,118,115,100,176,145,169,205,163,206,201,203,206,162,206,170,178,206,186,0,0,0
23,0,0,0,0,0,0,0,18,0,0,20,0,52,0,0,3,7,0,13,0,3,7,14,417,32,4,7,9,30,9,0,31,32,6,0,43,22,45,6,6,6,40,60,0,42,8,41,41,208,48,38,24,100,142,43,171,81,43,43,43,44,83,184,51,105,47,46,85,196,188,417,197,46,67,113,58,111,105,170,147,85,111,133,97,112,86,57,96,160,209,206,222,91,417,242,142,227,160,69,168,104,417,33,188,111,168,75,83,157,240,233,132,142,41,82,70,250,179,273,159,205,297,174,417,169,194,220,125,134,251,287,220,260,76,233,272,242,165,306,293,66,313,220,157,194,351,182,316,116,237,284,211,285,311,288,390,307,384,395,202,417,342,345,417,368,0,0,0
24,0,0,0,0,0,0,0,2,0,0,2,0,5,3,1,0,12,0,5,0,1,14,11,32,531,2,2,21,48,0,0,29,31,6,0,37,30,284,4,4,21,39,262,0,9,14,30,51,21,5,36,64,259,164,38,7,94,39,46,38,38,192,14,48,416,29,44,13,118,23,35,113,40,75,210,13,531,156,323,441,83,204,288,393,239,115,111,98,127,255,272,277,138,116,282,293,295,407,29,263,320,120,74,207,324,531,123,61,175,294,269,132,262,51,78,67,319,240,166,448,461,280,114,171,402,164,286,152,170,109,473,190,446,125,426,192,467,199,213,163,85,531,286,231,362,226,250,306,167,284,519,209,366,305,355,531,319,531,326,274,531,477,483,436,497,0,0,0
25,0,0,0,0,0,0,0,4,0,0,4,0,0,0,2,3,13,0,6,0,1,6,7,4,2,191,0,6,0,0,0,3,4,10,0,2,3,5,4,4,2,24,6,0,23,3,2,4,0,190,4,4,34,27,7,0,42,7,4,7,7,14,0,5,21,142,7,0,11,0,5,87,7,47,20,191,11,20,21,24,8,38,52,20,42,35,39,12,72,99,125,41,46,12,43,158,47,37,191,28,183,12,19,125,191,21,40,159,58,47,35,151,29,37,141,159,47,138,20,49,45,43,81,15,30,66,180,150,151,7,96,155,37,41,19,133,77,24,150,109,109,46,180,40,171,131,139,48,154,172,51,175,84,170,118,61,173,63,177,180,69,60,188,189,191,0,0,0
26,0,0,0,0,0,0,0,1,0,0,1,0,1,0,0,0,1,0,2,0,0,1,0,7,2,0,86,1,3,0,1,0,0,0,0,2,8,10,0,1,2,11,9,0,2,1,2,1,2,3,1,3,27,34,0,1,9,0,1,0,1,16,1,1,20,2,1,2,12,1,7,22,1,1,13,4,19,7,15,22,6,35,19,19,23,9,84,10,28,49,28,54,14,10,38,19,36,24,6,29,17,12,4,48,19,12,84,7,22,55,43,5,31,6,7,13,55,27,8,17,28,26,38,16,36,23,39,17,16,4,64,40,41,86,39,38,31,22,62,40,6,51,39,61,35,54,28,29,19,67,65,44,47,69,63,70,69,66,70,35,72,84,85,79,85,0,0,0
27,0,0,0,0,0,0,0,3,0,0,3,0,3,1,0,0,0,0,4,0,1,0,4,9,21,6,1,141,36,1,0,8,8,0,0,12,16,38,3,6,0,13,46,0,6,1,16,37,7,8,15,7,40,48,13,2,76,13,15,13,15,41,2,15,67,21,17,3,51,3,13,96,13,24,71,10,66,10,60,74,24,49,94,49,81,67,27,34,75,78,88,74,36,27,86,96,83,78,17,91,86,59,15,75,92,75,29,35,114,81,58,67,86,18,35,36,86,55,12,112,99,87,87,65,84,80,95,57,73,50,92,84,63,30,52,85,116,101,89,105,32,100,95,81,76,124,55,110,51,94,97,98,141,90,116,114,128,121,136,78,124,115,116,139,128,0,0,0
28,0,0,0,0,0,0,0,1,0,0,1,0,4,1,0,2,0,0,9,0,3,7,10,30,48,0,3,36,662,20,4,8,10,5,0,15,108,213,7,9,2,36,481,0,11,10,19,624,68,23,13,10,327,368,15,14,303,15,15,15,16,276,15,19,325,60,41,20,632,28,33,438,23,109,292,31,294,20,230,291,77,184,311,252,313,83,31,101,501,544,462,336,75,69,397,312,357,333,61,192,218,660,16,324,221,641,56,155,490,349,244,647,224,94,149,138,362,239,38,313,347,338,216,661,263,547,397,260,249,660,612,521,316,63,220,540,382,319,629,624,93,375,397,192,167,652,241,662,189,382,422,494,570,415,593,448,609,471,659,323,487,426,454,660,481,0,0,0
29,0,0,0,0,0,0,0,1,0,0,2,0,8,0,0,5,0,0,11,0,0,6,5,9,0,0,0,1,20,106,0,0,0,3,0,3,1,4,2,2,0,1,4,0,1,2,1,20,105,2,2,0,4,5,2,0,17,2,0,2,2,10,0,0,5,25,4,0,10,0,9,35,3,75,42,2,5,2,7,5,7,12,24,9,104,105,4,10,34,28,33,10,93,9,61,29,25,40,12,95,28,31,2,21,38,28,5,69,40,16,87,106,22,43,87,86,16,87,2,28,43,104,56,31,25,64,42,76,78,21,20,76,18,5,12,32,45,75,45,45,81,34,42,22,44,63,88,106,96,22,14,66,99,66,87,46,80,104,80,102,104,49,55,92,57,0,0,0
30,0,0,0,0,0,0,0,0,0,0,0,0,0,0,0,0,0,0,0,0,0,0,0,0,0,0,1,0,4,0,8,0,0,0,0,0,0,0,0,0,0,5,1,0,0,1,0,2,0,0,2,0,0,0,2,0,0,3,1,2,3,0,0,1,0,0,3,0,1,0,0,1,2,1,0,0,0,0,0,0,1,1,0,1,0,0,0,3,0,1,1,1,2,1,1,0,0,0,1,2,0,6,1,1,0,7,7,4,2,1,2,7,1,3,2,4,1,4,0,0,0,1,0,8,0,4,1,2,2,7,1,4,0,8,0,3,0,1,1,1,1,0,1,0,0,3,4,7,3,0,1,2,5,1,5,1,4,2,6,5,2,2,2,6,2,0,0,0
31,0,0,0,0,0,0,0,4,0,0,4,0,1,0,0,0,5,0,11,0,0,12,10,31,29,3,0,8,8,0,0,417,417,2,0,126,30,97,2,4,5,52,56,0,18,12,53,7,11,19,407,47,74,80,407,7,66,407,346,406,407,106,10,342,175,30,417,19,326,15,42,48,407,74,163,34,158,44,176,162,381,118,202,182,115,134,112,417,83,148,176,199,129,417,201,210,200,197,48,243,204,410,73,180,209,410,125,83,82,223,237,411,115,53,78,94,415,212,56,235,291,218,89,417,321,105,199,146,177,411,322,137,224,128,207,412,319,173,139,249,68,376,199,204,309,351,215,414,155,248,387,159,274,273,239,417,215,402,415,265,417,413,410,417,415,0,0,0
32,0,0,0,0,0,0,0,6,0,0,6,0,1,0,0,0,5,0,16,0,1,12,13,32,31,4,0,8,10,0,0,417,466,2,0,138,32,114,34,36,8,54,77,0,20,14,55,39,12,19,408,50,87,102,453,7,85,456,348,452,453,124,10,347,198,39,466,19,370,16,44,72,453,82,191,39,191,48,204,185,394,133,228,206,134,140,117,466,113,180,206,224,142,466,232,238,230,224,53,267,226,456,75,200,232,457,131,93,105,249,265,458,133,59,85,100,463,228,60,269,325,247,106,466,346,139,235,162,196,460,359,162,259,134,236,459,361,194,172,286,75,416,235,223,332,398,231,461,171,284,434,194,312,301,278,466,256,444,463,294,466,453,454,465,463,0,0,0
33,0,0,0,0,0,0,0,2,0,0,2,0,0,0,0,1,4,0,7,0,0,3,2,6,6,10,0,0,5,3,0,2,2,134,0,9,9,10,3,4,0,10,12,0,6,10,7,8,5,56,4,8,34,24,4,0,27,4,0,4,5,19,0,3,29,55,6,0,12,1,6,31,4,30,25,63,31,17,22,35,13,20,42,21,40,31,18,19,57,68,70,38,32,16,41,69,38,48,132,40,64,16,5,60,69,33,22,56,32,40,43,66,36,19,55,64,40,83,17,54,54,41,44,25,35,45,86,67,68,10,77,72,31,22,19,46,69,39,90,46,40,54,86,35,65,65,83,49,61,88,53,84,66,78,93,72,104,74,99,93,80,64,104,124,113,0,0,0
34,0,0,0,0,0,0,0,0,0,0,0,0,0,0,0,0,0,0,0,0,0,0,0,0,0,0,0,0,0,0,0,0,0,0,0,0,0,0,0,0,0,0,0,0,0,0,0,0,0,0,0,0,0,0,0,0,0,0,0,0,0,0,0,0,0,0,0,0,0,0,0,0,0,0,0,0,0,0,0,0,0,0,0,0,0,0,0,0,0,0,0,0,0,0,0,0,0,0,0,0,0,0,0,0,0,0,0,0,0,0,0,0,0,0,0,0,0,0,0,0,0,0,0,0,0,0,0,0,0,0,0,0,0,0,0,0,0,0,0,0,0,0,0,0,0,0,0,0,0,0,0,0,0,0,0,0,0,0,0,0,0,0,0,0,0,0,0,0
35,0,0,0,0,0,0,0,71,0,0,72,0,2,13,2,3,3,0,60,0,4,9,16,43,37,2,2,12,15,3,0,126,138,9,0,600,34,105,5,8,14,60,66,0,66,11,315,20,36,75,128,55,99,153,133,11,85,136,176,133,138,186,11,127,286,85,161,12,134,31,51,92,141,128,250,112,267,100,301,248,572,122,498,180,289,180,125,600,148,204,264,336,161,212,316,502,316,314,123,300,311,190,86,229,348,320,148,118,151,359,340,248,152,67,121,147,419,280,112,541,517,346,219,246,412,162,353,203,227,182,377,233,326,149,274,377,600,267,307,295,107,486,353,315,316,373,281,405,230,402,434,248,429,429,372,559,386,551,465,387,581,556,528,542,600,0,0,0
36,0,0,0,0,0,0,0,5,0,0,7,0,6,0,1,1,4,0,21,0,0,11,7,22,30,3,8,16,108,1,0,30,32,9,0,34,488,142,4,5,13,66,254,0,12,12,27,109,20,12,35,58,182,183,37,9,193,37,38,37,39,220,14,41,310,63,41,7,158,30,32,209,40,59,305,18,488,54,215,339,71,154,292,116,308,101,111,81,325,320,332,340,95,108,281,295,409,351,40,215,135,170,55,221,152,488,120,68,228,488,264,221,297,61,64,72,488,190,69,407,429,337,108,210,231,201,388,215,218,170,394,264,310,127,183,379,435,200,273,287,71,488,388,301,239,370,194,360,136,371,442,272,371,461,362,488,343,467,443,255,488,412,455,488,473,0,0,0
37,0,0,0,0,0,0,0,7,0,0,9,0,11,2,1,2,17,0,35,0,10,38,30,45,284,5,10,38,213,4,0,97,114,10,0,105,142,1254,15,19,40,162,390,0,44,36,81,223,70,29,111,222,503,393,126,18,381,127,125,125,131,690,21,114,1088,111,146,12,391,54,66,424,140,184,722,63,1254,240,890,983,232,391,920,708,754,294,301,291,443,575,630,680,325,372,678,930,788,1024,89,606,891,398,161,443,897,707,338,174,502,738,636,463,531,140,218,219,781,526,266,1142,1210,865,214,593,1060,503,777,422,464,406,958,561,955,341,932,507,1218,531,569,460,185,1254,777,666,857,634,545,919,397,863,1137,670,902,693,854,1254,816,1210,865,702,1254,1227,1225,1079,1249,0,0,0
38,0,0,0,0,0,0,0,2,0,0,2,0,1,1,0,0,0,0,5,0,1,0,5,6,4,4,0,3,7,2,0,2,34,3,0,5,4,15,130,130,3,0,23,0,4,1,9,130,7,8,64,9,47,45,130,2,38,130,27,128,130,20,2,29,31,20,130,0,121,4,8,48,128,18,29,14,27,8,32,29,35,31,38,40,32,15,3,130,57,77,66,42,18,46,58,48,51,46,18,35,52,130,2,56,57,130,3,35,49,43,49,130,30,18,30,31,60,54,14,44,44,39,49,130,51,76,75,46,49,130,97,79,53,3,41,128,66,49,115,106,20,51,75,27,58,130,54,130,40,70,78,79,85,65,90,89,94,82,130,62,94,73,104,130,108,0,0,0
39,0,0,0,0,0,0,0,4,0,0,4,0,1,1,0,0,0,0,6,0,1,1,5,6,4,4,1,6,9,2,0,4,36,4,0,8,5,19,130,167,3,5,29,0,4,2,16,132,37,9,101,11,55,57,141,2,40,141,43,130,164,27,2,47,43,26,167,1,137,4,9,52,130,22,34,15,36,8,42,35,56,37,51,48,37,27,8,167,68,95,78,52,32,50,75,63,68,57,21,39,63,167,4,74,69,140,11,42,56,53,65,141,41,21,42,40,72,67,15,57,60,46,58,167,69,83,91,54,58,144,114,106,59,11,46,136,83,63,137,118,23,69,91,43,75,152,67,165,52,91,99,91,111,81,119,113,115,98,160,84,118,98,129,167,135,0,0,0
40,0,0,0,0,0,0,0,2,0,0,2,0,0,0,0,1,0,0,3,0,1,9,4,6,21,2,2,0,2,0,0,5,8,0,0,14,13,40,3,3,154,24,10,0,7,7,18,5,8,18,9,34,33,18,12,3,18,12,11,12,12,58,3,11,80,37,12,2,24,6,6,21,17,19,57,19,74,12,73,99,26,26,75,27,63,43,54,32,31,53,58,67,36,45,58,79,67,81,22,73,67,20,31,58,68,59,59,21,37,74,89,54,55,19,32,27,80,66,15,88,110,81,24,51,112,52,76,50,54,22,74,43,88,59,86,34,118,53,53,26,20,141,76,84,118,50,70,89,48,89,109,76,95,85,94,136,91,132,88,92,154,140,145,117,147,0,0,0
41,0,0,0,0,0,0,0,3,0,0,4,0,4,0,0,0,9,0,22,0,5,39,18,40,39,24,11,13,36,1,5,52,54,10,0,60,66,162,0,5,24,664,88,0,7,21,58,35,27,51,77,81,138,112,74,17,140,75,76,74,80,256,18,78,322,109,80,4,113,29,56,154,84,73,264,66,268,55,251,302,139,191,292,167,262,188,470,161,191,257,272,312,127,184,248,326,308,346,94,306,278,163,86,275,284,368,654,128,191,349,327,361,247,68,116,125,379,295,72,383,440,316,193,235,469,217,359,253,286,142,389,275,329,664,302,297,483,254,307,231,74,473,359,442,500,351,311,385,164,493,459,362,446,468,428,550,427,536,500,340,574,597,633,616,637,0,0,0
42,0,0,0,0,0,0,0,6,0,0,9,0,5,4,2,1,4,0,16,0,9,15,32,60,262,6,9,46,481,4,1,56,77,12,0,66,254,390,23,29,10,88,1081,0,27,17,65,492,48,33,65,53,486,499,86,20,298,87,73,82,88,309,25,82,500,103,110,26,591,39,67,430,99,142,352,59,760,291,459,484,176,371,494,550,378,134,128,238,560,754,689,582,145,189,585,505,630,502,96,406,398,598,74,530,415,953,169,171,485,679,492,644,406,107,190,159,707,445,314,554,661,417,322,634,495,523,641,346,381,587,1081,592,526,174,391,710,720,395,771,695,111,851,641,341,391,810,449,712,242,600,897,601,772,749,824,920,791,904,938,486,941,772,833,1028,893,0,0,0
43,0,0,0,0,0,0,0,0,0,0,0,0,0,0,0,0,0,0,0,0,0,0,0,0,0,0,0,0,0,0,0,0,0,0,0,0,0,0,0,0,0,0,0,0,0,0,0,0,0,0,0,0,0,0,0,0,0,0,0,0,0,0,0,0,0,0,0,0,0,0,0,0,0,0,0,0,0,0,0,0,0,0,0,0,0,0,0,0,0,0,0,0,0,0,0,0,0,0,0,0,0,0,0,0,0,0,0,0,0,0,0,0,0,0,0,0,0,0,0,0,0,0,0,0,0,0,0,0,0,0,0,0,0,0,0,0,0,0,0,0,0,0,0,0,0,0,0,0,0,0,0,0,0,0,0,0,0,0,0,0,0,0,0,0,0,0,0,0
44,0,0,0,0,0,0,0,49,0,0,49,0,1,2,1,4,0,0,15,0,16,6,9,42,9,23,2,6,11,1,0,18,20,6,0,66,12,44,4,4,7,7,27,0,217,7,59,15,28,131,21,29,61,73,23,22,43,23,30,23,23,81,22,32,70,16,28,2,40,37,45,48,26,27,76,203,92,63,138,92,81,36,141,87,124,55,27,91,87,85,124,134,82,86,154,141,179,128,217,78,115,80,14,86,133,82,29,51,73,142,103,66,37,20,49,47,147,87,84,161,193,143,134,104,96,97,157,60,64,77,171,110,133,29,94,170,200,96,149,155,53,193,157,82,119,178,87,151,88,193,197,119,152,196,141,213,184,217,204,144,217,169,183,210,208,0,0,0
45,0,0,0,0,0,0,0,0,0,0,1,0,3,0,0,0,1,0,5,0,1,5,2,8,14,3,1,1,10,2,1,12,14,10,0,11,12,36,1,2,7,21,17,0,7,181,10,11,9,9,12,26,36,26,13,2,31,13,13,13,14,62,2,14,77,13,15,1,39,3,9,33,16,20,51,15,56,19,50,76,27,42,73,42,67,45,162,32,57,51,50,83,42,46,58,76,75,73,29,78,76,34,18,69,77,57,170,27,56,86,78,42,89,16,35,26,94,60,21,79,103,84,37,57,126,59,110,46,46,29,99,74,82,181,79,64,116,61,98,56,17,115,110,127,123,82,63,94,45,134,121,109,113,111,115,142,130,143,126,80,151,165,168,160,169,0,0,0
46,0,0,0,0,0,0,0,72,0,0,73,0,4,3,2,3,2,0,46,0,3,10,14,41,30,2,2,16,19,1,0,53,55,7,0,315,27,81,9,16,18,58,65,0,59,10,441,27,37,66,64,74,86,126,63,10,76,63,121,63,70,126,10,141,275,67,79,7,98,37,46,77,121,95,143,91,260,88,241,221,432,82,363,148,198,81,92,441,123,180,220,259,109,150,256,363,268,209,98,167,189,126,58,158,223,295,116,82,113,283,205,173,101,63,82,94,299,167,100,391,396,227,170,180,267,130,247,115,115,118,305,157,270,117,197,257,413,161,226,209,80,393,247,206,183,265,169,269,184,317,369,178,290,313,271,440,280,397,337,298,441,394,374,390,432,0,0,0
47,0,0,0,0,0,0,0,3,0,0,3,0,5,2,0,1,0,0,14,0,4,6,13,41,51,4,1,37,624,20,2,7,39,8,0,20,109,223,130,132,5,35,492,0,15,11,27,753,79,31,70,19,366,394,134,16,335,134,40,132,135,287,23,46,349,79,155,11,717,37,46,480,137,117,310,45,308,27,253,314,103,201,342,273,335,86,32,214,545,589,499,366,81,109,432,353,400,369,78,211,265,753,14,353,273,753,55,174,527,379,278,742,247,104,168,156,402,271,57,347,379,368,245,753,297,610,463,289,278,753,676,571,361,59,257,642,437,353,712,706,105,408,463,214,207,753,273,753,210,442,476,562,621,455,646,510,672,526,753,357,557,474,531,753,563,0,0,0
48,0,0,0,0,0,0,0,9,0,0,12,0,20,1,0,7,0,0,19,0,3,9,15,208,21,0,2,7,68,105,0,11,12,5,0,36,20,70,7,37,8,27,48,0,28,9,37,79,408,32,46,35,67,102,26,171,94,26,32,19,52,103,183,38,125,49,53,2,87,195,210,127,24,106,159,40,109,30,130,136,77,84,146,93,222,168,38,101,157,166,156,139,159,227,215,154,192,186,58,215,123,296,25,130,136,159,56,116,157,151,213,201,137,70,132,137,161,199,204,173,215,370,165,307,189,195,213,160,160,266,189,242,257,57,242,234,246,204,221,257,127,270,213,176,205,309,201,398,178,230,198,231,309,251,297,326,293,379,351,255,395,329,327,379,343,0,0,0
49,0,0,0,0,0,0,0,43,0,0,43,0,3,1,2,16,18,0,38,0,5,26,18,48,5,190,3,8,23,2,0,19,19,56,0,75,12,29,8,9,18,51,33,0,131,9,66,31,32,606,28,28,152,124,30,21,145,30,43,30,31,133,22,42,125,247,37,2,60,34,55,194,37,174,108,606,81,64,128,132,106,111,214,91,193,136,97,117,266,272,334,188,186,95,195,358,229,222,606,154,374,105,57,283,403,117,108,326,187,204,182,321,108,100,309,357,207,364,86,248,253,211,292,128,201,238,462,334,332,91,358,347,185,112,127,362,350,173,425,337,286,251,462,191,420,417,368,244,405,497,267,419,342,468,389,320,498,343,524,517,357,325,555,567,583,0,0,0
50,0,0,0,0,0,0,0,6,0,0,6,0,1,0,0,0,7,0,16,0,0,19,15,38,36,4,1,15,13,2,2,407,408,4,0,128,35,111,64,101,9,77,65,0,21,12,64,70,46,28,573,58,113,124,546,10,88,546,431,537,569,130,13,430,210,58,573,26,400,20,51,72,537,94,187,44,190,44,212,196,475,149,246,221,146,181,141,573,110,233,239,253,177,434,270,260,263,235,64,286,242,573,95,258,253,498,166,114,116,278,305,542,157,70,116,129,471,285,63,283,350,257,126,573,398,144,256,200,240,549,412,237,273,170,248,543,386,239,235,346,89,447,256,258,393,483,290,570,200,317,485,219,381,350,342,526,304,505,566,357,532,526,527,573,540,0,0,0
51,0,0,0,0,0,0,0,15,0,0,17,0,3,0,0,0,4,0,24,0,5,19,18,24,64,4,3,7,10,0,0,47,50,8,0,55,58,222,9,11,34,81,53,0,29,26,74,19,35,28,58,541,149,96,60,10,88,60,85,59,61,281,19,83,432,57,63,41,275,104,34,82,70,75,257,37,350,73,382,453,117,114,436,169,158,108,162,122,104,160,177,242,120,541,278,436,304,289,50,227,272,103,87,159,280,222,178,67,109,279,275,153,188,72,69,71,306,191,110,464,480,347,102,541,443,123,248,147,155,192,323,119,326,182,292,187,490,154,162,120,86,541,248,299,374,193,205,365,168,329,436,219,298,318,298,533,252,485,322,308,541,521,502,432,529,0,0,0
52,0,0,0,0,0,0,0,10,0,0,14,0,10,13,3,5,17,0,31,0,8,33,39,100,259,34,27,40,327,4,0,74,87,34,0,99,182,503,47,55,33,138,486,0,61,36,86,366,67,152,113,149,1716,1030,136,34,624,138,111,131,139,477,40,128,740,232,165,40,574,64,115,898,149,266,444,193,730,158,620,855,246,815,678,660,497,227,272,358,1157,1172,1099,886,287,337,938,732,1115,974,267,553,648,557,139,852,687,836,313,334,855,916,695,716,587,194,363,319,960,616,209,945,948,579,713,694,776,699,1150,569,575,524,1716,1025,876,318,652,947,1222,649,1399,1189,286,1128,1150,678,844,1367,629,817,521,1223,1320,1197,1210,1137,1273,1358,1455,1332,1551,867,1393,1143,1422,1648,1497,0,0,0
53,0,0,0,0,0,0,0,37,0,0,41,0,14,21,4,13,10,0,62,0,5,44,82,142,164,27,34,48,368,5,0,80,102,24,0,153,183,393,45,57,18,112,499,0,73,26,126,394,102,124,124,96,1030,2009,152,55,679,154,101,148,159,431,62,136,625,264,191,56,598,78,156,1075,164,354,496,176,639,163,883,653,309,963,764,886,576,319,219,499,1047,1587,1414,1093,316,345,1600,792,1044,872,242,767,665,652,118,1337,714,835,263,366,964,1164,1100,772,589,227,443,394,1208,801,226,892,930,680,1078,753,794,797,1214,654,659,588,2009,1284,872,271,562,1192,1235,851,1781,1443,322,1304,1214,581,823,1678,812,935,589,1212,1662,1331,1519,1498,1638,1699,1822,1709,1893,1049,1739,1305,1556,1978,1682,0,0,0
54,0,0,0,0,0,0,0,6,0,0,6,0,2,1,0,0,7,0,22,0,1,18,18,43,38,7,0,13,15,2,2,407,453,4,0,133,37,126,130,141,12,74,86,0,23,13,63,134,26,30,546,60,136,152,626,11,122,626,421,615,626,146,14,423,228,66,626,25,472,22,58,115,615,101,215,51,216,50,235,215,475,169,269,247,166,178,140,626,152,270,282,279,179,483,304,287,290,269,71,312,263,626,94,274,277,570,163,127,151,305,329,616,172,80,124,136,519,300,70,311,378,287,154,626,417,205,306,222,264,626,465,264,308,167,275,616,434,256,289,411,97,479,306,264,415,547,305,626,215,358,526,274,422,382,378,572,359,549,626,380,578,557,581,626,596,0,0,0
55,0,0,0,0,0,0,0,2,0,0,4,0,0,0,0,2,0,0,5,0,3,2,5,171,7,0,1,2,14,0,0,7,7,0,0,11,9,18,2,2,3,17,20,0,22,2,10,16,171,21,10,10,34,55,11,171,41,11,12,11,11,45,171,16,36,14,11,1,22,171,171,51,13,17,41,27,34,11,64,62,26,46,50,30,46,34,18,32,68,72,51,74,27,171,87,51,93,60,30,68,35,171,14,68,36,59,30,20,59,76,71,43,75,14,26,18,80,63,171,62,78,171,81,171,82,72,99,47,48,171,95,90,166,31,166,138,101,58,102,142,25,133,99,89,90,162,64,171,38,115,97,106,107,120,108,169,131,171,171,70,171,171,163,171,171,0,0,0
56,0,0,0,0,0,0,0,15,0,0,19,0,8,3,5,39,12,0,66,0,3,66,75,81,94,42,9,76,303,17,0,66,85,27,0,85,193,381,38,40,18,140,298,0,43,31,76,335,94,145,88,88,624,679,122,41,1487,123,88,122,125,692,44,116,660,289,139,16,446,67,158,1028,141,238,642,193,579,101,528,609,216,527,982,428,708,362,259,291,1100,918,959,804,341,313,921,1002,925,1118,283,495,803,555,134,592,873,647,286,357,1001,874,632,764,652,201,378,372,903,623,148,1139,931,778,751,624,789,800,1247,617,656,484,1100,1149,789,293,495,768,1487,663,1096,1159,300,894,1247,665,832,1326,632,889,504,1198,920,1379,1188,1018,1097,1132,1396,1122,1442,881,1179,1115,1384,1487,1487,0,0,0
57,0,0,0,0,0,0,0,6,0,0,6,0,2,2,0,0,7,0,22,0,1,18,18,43,39,7,0,13,15,2,3,407,456,4,0,136,37,127,130,141,12,75,87,0,23,13,63,134,26,30,546,60,138,154,626,11,123,631,421,615,627,147,14,423,231,67,631,25,474,22,58,116,615,102,216,51,219,51,238,217,475,171,272,247,167,179,141,631,153,272,283,281,179,486,306,290,292,270,71,314,264,626,95,276,278,572,165,127,152,307,331,618,174,80,124,137,521,302,71,314,381,288,155,631,418,206,308,223,265,631,469,265,310,169,277,617,437,258,291,411,98,482,308,267,415,549,307,628,216,361,529,275,424,383,379,575,361,551,628,381,581,560,583,628,599,0,0,0
58,0,0,0,0,0,0,0,14,0,0,14,0,1,2,0,0,9,0,21,0,1,11,16,43,46,4,1,15,15,0,1,346,348,0,0,176,38,125,27,43,11,76,73,0,30,13,121,40,32,43,431,85,111,101,421,12,88,421,578,416,432,139,15,520,252,44,436,28,336,32,56,87,432,99,234,59,237,43,243,248,578,143,259,217,185,179,151,578,97,188,218,249,189,408,246,270,255,286,68,286,293,450,103,207,297,471,180,100,123,280,279,449,168,66,109,116,444,258,63,344,402,295,125,481,458,150,262,178,216,453,392,175,279,182,286,460,442,233,225,294,87,481,262,324,426,409,262,533,206,332,466,216,362,330,339,541,300,506,512,362,552,578,567,540,578,0,0,0
59,0,0,0,0,0,0,0,6,0,0,6,0,2,1,0,0,7,0,22,0,1,18,18,43,38,7,0,13,15,2,2,406,452,4,0,133,37,125,128,130,12,74,82,0,23,13,63,132,19,30,537,59,131,148,615,11,122,615,416,616,615,142,14,418,225,64,616,25,461,22,58,113,616,100,213,51,215,50,234,213,469,167,265,245,164,176,140,616,149,266,278,277,178,481,299,283,286,268,71,310,262,616,94,270,275,567,163,127,149,303,326,611,169,80,123,136,516,298,70,309,374,284,151,616,412,202,302,220,261,615,458,259,307,167,274,615,430,253,279,404,96,474,302,260,410,540,303,615,214,353,522,270,417,378,373,566,353,544,616,378,572,550,574,616,588,0,0,0
60,0,0,0,0,0,0,0,8,0,0,8,0,2,1,0,0,7,0,23,0,1,19,19,44,38,7,1,15,16,2,3,407,453,5,0,138,39,131,130,164,12,80,88,0,23,14,70,135,52,31,569,61,139,159,626,11,125,627,432,615,654,152,14,436,239,69,650,26,475,22,59,119,615,104,221,52,227,50,247,221,492,172,282,253,172,193,145,654,162,284,292,289,195,485,316,302,303,281,74,315,274,650,96,286,289,580,172,135,157,316,343,622,180,83,137,148,530,314,70,325,394,294,160,651,432,211,322,229,274,629,474,284,314,176,280,621,451,269,300,419,100,494,322,277,429,561,319,654,226,378,542,283,442,394,401,591,374,561,645,402,597,577,601,653,618,0,0,0
61,0,0,0,0,0,0,0,12,0,0,16,0,9,2,3,13,12,0,94,0,7,83,44,83,192,14,16,41,276,10,0,106,124,19,0,186,220,690,20,27,58,256,309,0,81,62,126,287,103,133,130,281,477,431,146,45,692,147,139,142,152,1685,47,145,1129,256,171,14,505,86,134,585,163,221,1011,173,956,191,853,1009,325,433,1221,535,998,478,494,381,705,724,761,926,425,503,823,1257,949,1132,233,752,954,541,261,553,992,762,539,256,681,996,866,690,719,195,276,279,1044,716,241,1349,1475,1146,430,784,1387,675,1143,630,713,509,1059,830,1065,545,908,756,1590,693,918,762,251,1406,1143,1006,1239,998,749,1215,498,1312,1202,1053,1193,1106,1041,1521,1188,1481,1280,943,1573,1643,1667,1516,1685,0,0,0
62,0,0,0,0,0,0,0,2,0,0,4,0,1,1,0,2,0,0,5,0,3,2,5,184,14,0,1,2,15,0,0,10,10,0,0,11,14,21,2,2,3,18,25,0,22,2,10,23,183,22,13,19,40,62,14,171,44,14,15,14,14,47,198,19,41,15,15,1,30,188,198,61,16,19,43,28,46,16,79,69,29,58,55,37,48,37,20,36,79,84,63,85,29,198,102,56,113,66,31,83,37,198,18,80,38,80,32,23,71,91,89,48,79,17,27,20,98,77,198,68,85,188,85,198,84,82,107,58,58,192,105,104,175,36,171,157,111,72,109,157,27,155,107,92,93,180,78,191,41,121,116,113,132,136,131,188,146,191,196,77,198,182,176,198,187,0,0,0
63,0,0,0,0,0,0,0,21,0,0,21,0,1,2,0,0,8,0,20,0,1,15,15,51,48,5,1,15,19,0,1,342,347,3,0,127,41,114,29,47,11,78,82,0,32,14,141,46,38,42,430,83,128,136,423,16,116,423,520,418,436,145,19,591,256,56,442,27,347,36,63,107,449,93,219,60,240,41,252,246,591,163,280,229,180,164,153,591,126,233,257,266,183,413,255,293,271,283,77,272,253,463,103,217,266,482,180,106,133,298,275,461,174,70,99,111,464,253,65,341,398,286,144,494,427,155,291,188,226,463,425,195,291,182,263,478,449,229,245,325,91,480,291,284,407,444,257,523,209,371,492,240,372,345,344,547,321,506,546,361,551,562,570,566,591,0,0,0
64,0,0,0,0,0,0,0,33,0,0,37,0,18,9,1,5,26,0,67,0,5,74,69,105,416,21,20,67,325,5,0,175,198,29,0,286,310,1088,31,43,80,322,500,0,70,77,275,349,125,125,210,432,740,625,228,36,660,231,252,225,239,1129,41,256,2382,232,268,32,681,118,184,670,253,366,1213,155,1598,199,1373,1659,513,679,1747,895,1272,589,623,612,812,1058,1146,1324,629,743,1237,1761,1459,1751,241,1120,1493,709,339,875,1526,1240,691,428,871,1426,1215,810,1093,290,423,457,1512,989,251,2054,2382,1476,560,1079,1990,911,1459,800,890,684,1627,987,1463,698,1319,1063,2382,956,1118,896,394,2248,1459,1375,1572,1248,1025,1628,832,1575,1952,1268,1640,1497,1607,2343,1549,2135,1697,1414,2382,2382,2286,2096,2382,0,0,0
65,0,0,0,0,0,0,0,35,0,0,43,0,7,2,4,18,31,0,68,0,3,64,58,47,29,142,2,21,60,25,0,30,39,55,0,85,63,111,20,26,37,109,103,0,16,13,67,79,49,247,58,57,232,264,66,14,289,67,44,64,69,256,15,56,232,1042,76,20,135,26,58,404,68,503,322,257,216,46,249,262,159,242,381,203,404,300,158,200,401,572,586,403,282,143,439,598,410,438,333,421,557,173,93,551,618,284,193,533,320,447,494,1042,312,205,548,568,457,675,63,465,516,448,441,225,399,432,732,640,646,150,615,658,332,198,209,537,641,347,699,525,562,496,732,363,730,686,684,502,792,711,519,784,608,806,667,667,859,716,887,937,743,688,942,993,992,0,0,0
66,0,0,0,0,0,0,0,11,0,0,11,0,3,32,0,1,7,0,23,0,1,20,18,46,44,7,1,17,41,4,3,417,466,6,0,161,41,146,130,167,12,80,110,0,28,15,79,155,53,37,573,63,165,191,626,11,139,631,436,616,650,171,15,442,268,76,720,26,503,23,62,134,623,118,243,61,250,58,278,247,526,199,316,287,199,203,149,720,191,331,323,323,201,499,353,336,331,302,84,345,295,679,99,325,313,611,176,144,182,350,380,652,196,93,145,160,564,348,79,363,431,323,185,720,458,232,355,264,310,663,526,317,344,180,296,662,491,308,348,455,113,538,355,288,448,611,353,691,250,412,588,311,500,436,455,640,424,612,703,432,651,613,635,713,658,0,0,0
67,0,0,0,0,0,0,0,1,0,0,1,0,0,0,0,0,5,0,4,0,0,1,5,85,13,0,2,3,20,0,0,19,19,0,0,12,7,12,0,1,2,4,26,0,2,1,7,11,2,2,26,41,40,56,25,1,16,25,28,25,26,14,1,27,32,20,26,140,140,4,86,85,27,39,22,3,31,15,56,33,37,35,32,42,21,20,13,38,28,85,86,102,28,126,97,33,63,41,8,48,24,102,9,74,26,56,15,32,38,106,83,43,40,15,38,29,106,53,16,31,53,36,27,140,51,44,46,30,40,52,140,52,30,15,22,81,65,39,107,71,27,111,46,22,52,91,53,64,52,42,132,61,77,117,96,132,77,131,117,83,133,101,102,133,107,0,0,0
68,0,0,0,0,0,0,0,9,0,0,10,0,32,4,0,1,12,0,24,0,3,23,31,196,118,11,12,51,632,10,1,326,370,12,0,134,158,391,121,137,24,113,591,0,40,39,98,717,87,60,400,275,574,598,472,22,446,474,336,461,475,505,30,347,681,135,503,140,1449,76,219,642,476,204,496,93,597,131,575,637,447,409,712,550,490,217,209,602,695,908,834,724,225,788,799,735,762,665,142,504,541,1240,111,676,560,1139,246,278,649,776,635,1115,463,176,284,270,965,538,167,738,850,625,396,1449,771,761,780,471,485,1160,1276,792,686,252,536,1094,942,541,1029,1011,186,1034,780,532,646,1196,549,1223,391,826,1149,830,1011,916,1050,1197,1025,1147,1340,731,1245,1110,1163,1401,1226,0,0,0
69,0,0,0,0,0,0,0,15,0,0,17,0,1,0,0,2,0,0,10,0,4,4,8,188,23,0,1,3,28,0,0,15,16,1,0,31,30,54,4,4,6,29,39,0,37,3,37,37,195,34,20,104,64,78,22,171,67,22,32,22,22,86,188,36,118,26,23,4,76,280,195,80,25,26,107,43,130,22,150,149,57,69,136,57,94,53,38,66,106,113,109,133,49,280,156,137,179,114,51,118,82,217,27,95,86,126,51,42,95,145,135,79,110,34,45,36,158,110,202,150,165,259,114,280,148,109,162,90,90,280,165,133,223,56,202,201,194,105,154,193,36,238,162,149,140,225,112,263,66,185,185,151,186,198,191,271,197,267,257,124,280,261,248,272,267,0,0,0
70,0,0,0,0,0,0,0,22,0,0,24,0,55,1,1,3,8,0,19,0,3,8,19,417,35,5,7,13,33,9,0,42,44,6,0,51,32,66,8,9,6,56,67,0,45,9,46,46,210,55,51,34,115,156,58,171,158,58,56,58,59,134,198,63,184,58,62,86,219,195,507,220,61,81,133,66,145,116,218,175,104,133,210,113,130,102,86,119,208,236,235,280,102,507,309,219,313,183,82,208,126,507,54,218,138,203,107,109,196,307,279,163,187,57,91,82,320,223,299,238,285,327,206,507,234,230,277,162,171,283,330,265,287,111,252,317,323,204,345,339,87,394,277,211,226,421,226,359,153,297,340,275,345,368,352,477,371,456,480,264,507,426,422,507,454,0,0,0
71,0,0,0,0,0,0,0,20,0,0,30,0,29,2,6,23,16,0,63,0,4,50,73,197,113,87,22,96,438,35,1,48,72,31,0,92,209,424,48,52,21,154,430,0,48,33,77,480,127,194,72,82,898,1075,115,51,1028,116,87,113,119,585,61,107,670,404,134,85,642,80,220,1981,126,356,669,239,623,123,597,671,218,764,872,516,787,421,269,307,1344,1288,1247,974,514,349,1136,953,1121,1089,351,645,825,727,139,955,877,819,305,500,1268,1037,794,985,850,281,533,529,1054,768,188,1051,971,894,919,794,847,1245,1521,770,802,626,1606,1490,863,317,571,1111,1382,887,1680,1612,458,1060,1521,815,973,1849,777,1106,756,1465,1186,1800,1558,1385,1550,1394,1910,1423,1981,1175,1480,1342,1688,1981,1774,0,0,0
72,0,0,0,0,0,0,0,6,0,0,6,0,2,2,0,1,8,0,27,0,1,20,22,46,40,7,1,13,23,3,2,407,453,4,0,141,40,140,128,130,17,84,99,0,26,16,121,137,24,37,537,70,149,164,615,13,141,615,432,616,615,163,16,449,253,68,623,27,476,25,61,126,680,112,241,60,253,54,261,243,531,177,301,257,195,188,158,680,167,294,304,304,197,497,322,320,317,295,80,335,281,626,104,288,297,620,184,134,173,335,354,629,188,96,135,147,548,317,77,348,419,318,168,639,449,228,337,234,275,628,491,280,338,188,306,634,481,275,300,420,109,524,337,293,439,568,322,650,238,397,571,301,455,413,419,626,392,600,656,417,633,604,629,664,647,0,0,0
73,0,0,0,0,0,0,0,37,0,0,41,0,13,6,1,12,12,0,64,0,6,33,76,67,75,47,1,24,109,75,1,74,82,30,0,128,59,184,18,22,19,73,142,0,27,20,95,117,106,174,94,75,266,354,101,17,238,102,99,100,104,221,19,93,366,503,118,39,204,26,81,356,112,1110,328,189,303,78,416,337,233,297,417,264,561,438,168,291,378,521,506,490,471,224,606,481,462,413,249,574,438,270,109,520,497,405,193,459,374,550,614,690,330,171,589,524,583,618,100,499,578,625,451,345,544,494,570,471,492,230,686,556,393,195,315,577,677,461,657,530,776,686,570,384,587,693,620,697,1110,604,674,695,729,773,807,839,844,918,874,1110,939,809,890,1014,959,0,0,0
74,0,0,0,0,0,0,0,35,0,0,44,0,31,6,1,17,20,0,150,0,8,65,78,113,210,20,13,71,292,42,0,163,191,25,0,250,305,722,29,34,57,264,352,0,76,51,143,310,159,108,187,257,444,496,215,41,642,216,234,213,221,1011,43,219,1213,322,243,22,496,107,133,669,241,328,1993,142,1123,196,1212,1225,432,547,1415,665,1792,902,480,511,777,1017,1115,1258,663,523,1202,1435,1163,1459,232,1390,1134,606,270,796,1180,976,536,506,823,1349,1451,872,792,314,499,555,1418,1226,237,1617,1993,1993,523,810,1423,799,1304,1159,1223,604,1144,1108,1163,545,989,1073,1993,1240,1022,929,368,1778,1304,1109,1363,1231,1243,1993,749,1490,1369,1113,1754,1450,1522,1904,1402,1986,1577,1286,1993,1880,1916,1850,1993,0,0,0
75,0,0,0,0,0,0,0,54,0,0,54,0,4,3,3,18,18,0,52,0,21,32,18,58,13,191,4,10,31,2,0,34,39,63,0,112,18,63,14,15,19,66,59,0,203,15,91,45,40,606,44,37,193,176,51,27,193,51,59,51,52,173,28,60,155,257,61,3,93,43,66,239,60,189,142,743,136,104,190,161,152,142,291,142,246,153,123,172,340,326,391,259,215,133,273,437,307,274,743,195,421,147,71,335,458,168,143,347,230,277,235,369,142,114,325,378,286,410,131,329,337,270,359,181,251,278,560,365,365,133,462,409,247,147,160,450,458,211,525,431,305,337,560,232,470,524,414,316,441,606,361,522,417,584,466,431,613,453,650,587,469,416,662,700,708,0,0,0
76,0,0,0,0,0,0,0,40,0,0,44,0,18,6,2,3,24,0,73,0,14,52,52,111,531,11,19,66,294,5,0,158,191,31,0,267,488,1254,27,36,74,268,760,0,92,56,260,308,109,81,190,350,730,639,216,34,579,219,237,215,227,956,46,240,1598,216,250,31,597,130,145,623,253,303,1123,136,2107,449,1331,1476,497,648,1444,1028,1163,474,501,585,763,1044,1109,1176,513,624,1116,1460,1341,1459,198,1011,1141,640,277,779,1174,1444,558,305,751,1351,1095,761,837,244,349,348,1428,889,500,1810,1916,1346,449,926,1498,746,1258,726,794,649,1594,897,1448,573,1255,981,1940,852,963,819,297,2107,1258,1053,1257,1112,915,1459,650,1393,1876,1032,1492,1329,1443,2087,1329,2023,1494,1161,2107,1933,1949,1835,2045,0,0,0
77,0,0,0,0,0,0,0,22,0,0,22,0,5,3,1,1,3,0,51,0,8,10,11,105,156,20,7,10,20,2,0,44,48,17,0,100,54,240,8,8,12,55,291,0,63,19,88,27,30,64,44,73,158,163,50,11,101,51,43,50,50,191,16,41,199,46,58,15,131,22,116,123,54,78,196,104,449,594,301,249,134,196,330,328,230,102,141,153,162,294,308,312,118,210,342,343,301,212,119,305,274,183,92,253,284,312,154,98,153,335,366,152,190,63,95,95,344,293,594,363,429,259,169,240,315,179,341,214,218,105,439,243,275,156,228,230,450,245,313,216,68,566,341,266,318,293,297,287,154,380,484,282,416,378,386,585,382,568,413,297,594,494,513,509,552,0,0,0
78,0,0,0,0,0,0,0,78,0,0,86,0,20,16,2,12,15,0,147,0,15,65,112,170,323,21,15,60,230,7,0,176,204,22,0,301,215,890,32,42,73,251,459,0,138,50,241,253,130,128,212,382,620,883,235,64,528,238,243,234,247,853,79,252,1373,249,278,56,575,150,218,597,261,416,1212,190,1331,301,2152,1281,510,756,1463,922,1299,661,499,639,695,1151,1276,1473,559,715,1484,1478,1270,1301,248,1300,1205,643,299,1057,1272,1057,557,426,746,1566,1439,748,705,300,460,458,1630,1122,376,1729,1920,1520,638,971,1524,750,1236,962,1025,633,1557,999,1277,572,1086,1229,1949,1122,1055,1020,429,2152,1236,961,1312,1281,1145,1613,788,1419,1853,1017,1698,1552,1555,2121,1384,2077,1631,1266,2152,1969,1970,1928,2097,0,0,0
79,0,0,0,0,0,0,0,38,0,0,46,0,17,11,1,5,23,0,102,0,9,65,56,147,441,24,22,74,291,5,0,162,185,35,0,248,339,983,29,35,99,302,484,0,92,76,221,314,136,132,196,453,855,653,215,62,609,217,248,213,221,1009,69,246,1659,262,247,33,637,149,175,671,243,337,1225,161,1476,249,1281,2163,467,694,1414,941,1240,642,583,562,829,1072,1123,1379,561,740,1164,1428,1441,1624,233,1132,1236,655,316,893,1272,1210,643,416,801,1463,1227,806,868,297,440,456,1537,983,325,1883,2029,1476,459,1037,1622,766,1329,840,907,671,1562,972,1543,652,1377,1073,2062,999,1004,891,377,2163,1329,1193,1431,1176,1011,1571,764,1501,1889,1060,1599,1433,1518,2153,1336,2070,1570,1268,2163,2040,2059,1912,2131,0,0,0
80,0,0,0,0,0,0,0,77,0,0,78,0,4,7,2,4,10,0,79,0,4,30,29,85,83,8,6,24,77,7,1,381,394,13,0,572,71,232,35,56,26,139,176,0,81,27,432,103,77,106,475,117,246,309,475,26,216,475,578,469,492,325,29,591,513,159,526,37,447,57,104,218,531,233,432,152,497,134,510,467,1166,300,702,399,460,313,268,1166,300,478,530,574,317,527,556,716,552,563,183,556,521,611,175,460,569,767,319,230,306,629,609,672,303,159,242,262,806,543,170,782,831,607,364,677,780,344,592,402,455,592,787,447,586,322,521,799,952,476,570,586,210,913,592,546,676,783,549,877,442,715,886,487,803,760,746,1058,715,1025,973,736,1090,1052,1037,1070,1122,0,0,0
81,0,0,0,0,0,0,0,14,0,0,17,0,15,19,2,12,11,0,64,0,5,44,62,111,204,38,35,49,184,12,1,118,133,20,0,122,154,391,31,37,26,191,371,0,36,42,82,201,84,111,149,114,815,963,169,46,527,171,143,167,172,433,58,163,679,242,199,35,409,69,133,764,177,297,547,142,648,196,756,694,300,1891,750,709,615,442,352,453,792,1347,1360,935,307,359,1079,797,883,897,199,1324,646,465,178,1346,689,715,401,450,1036,1005,1191,603,549,286,444,479,1068,1133,253,883,1022,727,668,586,824,666,1009,917,945,424,1611,1181,791,413,576,869,1253,1145,1279,990,297,1296,1009,655,919,1249,1144,941,571,1073,1559,1068,1891,1208,1777,1514,1451,1633,1537,1012,1651,1316,1538,1734,1628,0,0,0
82,0,0,0,0,0,0,0,66,0,0,72,0,18,15,4,19,19,0,141,0,15,81,92,133,288,52,19,94,311,24,0,202,228,42,0,498,292,920,38,51,75,292,494,0,141,73,363,342,146,214,246,436,678,764,269,50,982,272,259,265,282,1221,55,280,1747,381,316,32,712,136,210,872,301,417,1415,291,1444,330,1463,1414,702,750,2615,887,1478,646,595,816,1009,1329,1392,1472,661,795,1466,2615,1501,1392,399,1264,1569,766,321,1068,1685,1172,649,536,1015,1585,1464,1021,952,345,531,582,1674,1225,387,2143,2375,1718,816,1139,1849,983,1660,1036,1149,728,1735,1302,1391,656,1129,1294,2615,1100,1374,1203,446,2192,1660,1289,1470,1579,1251,1860,901,1832,1984,1520,1910,1777,1784,2442,1822,2331,2037,1546,2501,2381,2371,2377,2615,0,0,0
83,0,0,0,0,0,0,0,44,0,0,49,0,13,23,2,7,24,0,37,0,12,37,57,97,393,20,19,49,252,9,1,182,206,21,0,180,116,708,40,48,27,167,550,0,87,42,148,273,93,91,221,169,660,886,247,30,428,247,217,245,253,535,37,229,895,203,287,42,550,57,113,516,257,264,665,142,1028,328,922,941,399,709,887,1956,706,346,311,551,603,1144,1067,984,351,447,1200,910,963,896,187,851,847,592,158,994,876,974,356,324,603,1058,1123,700,606,195,346,320,1168,854,367,1030,1176,821,702,740,1033,652,953,624,680,556,1671,851,1101,368,923,966,1279,711,1066,827,228,1610,953,701,917,1098,866,1037,513,1056,1956,915,1309,1299,1428,1881,1335,1935,1492,969,1956,1528,1587,1752,1674,0,0,0
84,0,0,0,0,0,0,0,86,0,0,96,0,18,9,3,19,24,0,191,0,11,71,92,112,239,42,23,81,313,104,0,115,134,40,0,289,308,754,32,37,63,262,378,0,124,67,198,335,222,193,146,158,497,576,166,46,708,167,185,164,172,998,48,180,1272,404,199,21,490,94,130,787,195,561,1792,246,1163,230,1299,1240,460,615,1478,706,2378,1260,541,551,911,1190,1307,1423,944,405,1423,1515,1315,1574,365,1721,1310,591,320,961,1402,1009,599,700,964,1533,1723,984,891,440,747,812,1572,1482,282,1697,2087,2378,719,740,1579,974,1487,1345,1442,558,1313,1361,1320,614,1080,1221,2131,1493,1223,1092,602,1978,1487,1210,1572,1438,1500,2378,1089,1631,1523,1343,2106,1716,1854,2168,1697,2374,1828,1640,2378,2143,2217,2167,2305,0,0,0
85,0,0,0,0,0,0,0,15,0,0,23,0,14,4,0,11,19,0,107,0,6,44,70,86,115,35,9,67,83,105,0,134,140,31,0,180,101,294,15,27,43,188,134,0,55,45,81,86,168,136,181,108,227,319,178,34,362,179,179,176,193,478,37,164,589,300,203,20,217,53,102,421,188,438,902,153,474,102,661,642,313,442,646,346,1260,1599,375,451,387,731,861,646,796,327,837,687,656,988,251,1366,742,349,227,761,769,535,421,572,580,738,1300,651,541,363,732,721,802,1309,140,912,1144,1323,481,449,974,641,781,1124,1214,312,747,907,714,437,612,643,1219,1332,669,594,462,1163,781,736,1128,845,1315,1390,804,770,944,796,1530,1006,1282,1296,1085,1539,1146,1187,1545,1336,1395,1402,1442,0,0,0
86,0,0,0,0,0,0,0,8,0,0,11,0,12,0,0,1,10,0,68,0,4,44,29,57,111,39,84,27,31,4,0,112,117,18,0,125,111,301,3,8,54,470,128,0,27,162,92,32,38,97,141,162,272,219,140,18,259,141,151,140,145,494,20,153,623,158,149,13,209,38,86,269,158,168,480,123,501,141,499,583,268,352,595,311,541,375,1251,294,345,430,485,589,283,345,512,634,560,635,169,615,574,255,660,500,589,440,1251,230,371,652,642,380,500,144,208,246,707,547,159,719,864,630,339,399,941,392,705,457,507,214,716,494,640,1251,600,520,952,493,551,400,162,923,705,912,953,627,565,724,361,983,880,669,826,828,764,1055,808,1045,906,663,1116,1204,1249,1108,1251,0,0,0
87,0,0,0,0,0,0,0,77,0,0,78,0,7,32,2,4,10,0,85,0,6,33,40,96,98,12,10,34,101,10,3,417,466,19,0,600,81,291,130,167,32,161,238,0,91,32,441,214,101,117,573,122,358,499,626,32,291,631,578,616,654,381,36,591,612,200,720,38,602,66,119,307,680,291,511,172,585,153,639,562,1166,453,816,551,551,451,294,1501,403,726,749,733,404,612,765,841,681,674,213,698,621,797,184,690,677,946,355,310,402,794,824,850,367,214,357,354,1008,747,197,900,971,708,516,892,900,458,731,561,616,770,1064,679,702,359,606,1039,1124,679,811,786,263,1108,731,605,788,1045,754,1094,548,859,1148,646,1102,987,1036,1325,971,1287,1273,926,1367,1236,1254,1391,1355,0,0,0
88,0,0,0,0,0,0,0,50,0,0,53,0,15,7,7,35,16,0,96,0,6,76,68,160,127,72,28,75,501,34,0,83,113,57,0,148,325,443,57,68,31,191,560,0,87,57,123,545,157,266,110,104,1157,1047,152,68,1100,153,97,149,162,705,79,126,812,401,191,28,695,106,208,1344,167,378,777,340,763,162,695,829,300,792,1009,603,911,387,345,403,2249,1427,1387,1175,542,404,1197,1094,1346,1265,480,685,950,841,168,1056,1038,1032,391,593,1255,1245,884,1096,974,374,588,594,1271,891,249,1232,1190,1030,1057,926,1001,1239,1843,863,862,747,1867,1507,1007,405,656,1472,1663,875,1836,1806,509,1264,1843,951,1114,2093,902,1317,837,1756,1367,1896,1628,1704,1695,1624,2070,1608,2249,1341,1694,1509,1878,2249,2009,0,0,0
89,0,0,0,0,0,0,0,28,0,0,36,0,29,26,1,23,32,0,109,0,7,110,137,209,255,99,49,78,544,28,1,148,180,68,0,204,320,575,77,95,53,257,754,0,85,51,180,589,166,272,233,160,1172,1587,270,72,918,272,188,266,284,724,84,233,1058,572,331,85,908,113,236,1288,294,521,1017,326,1044,294,1151,1072,478,1347,1329,1144,1190,731,430,726,1427,3222,2507,1589,566,553,1827,1523,1461,1391,494,1463,1200,1004,233,2262,1276,1359,511,956,1412,1734,1974,1398,917,557,949,962,1810,1945,377,1431,1696,1359,1456,1162,1272,1277,1840,1594,1677,906,2655,2160,1267,545,831,1817,2033,1453,2434,1899,564,2022,1840,1012,1470,2350,1974,1734,1048,1883,2407,1943,2530,2372,2804,2540,2654,2591,2839,1870,2680,2132,2525,3083,2729,0,0,0
90,0,0,0,0,0,0,0,61,0,0,70,0,33,16,3,24,36,0,123,0,8,104,109,206,272,125,28,88,462,33,1,176,206,70,0,264,332,630,66,78,58,272,689,0,124,50,220,499,156,334,239,177,1099,1414,282,51,959,283,218,278,292,761,63,257,1146,586,323,86,834,109,235,1247,304,506,1115,391,1109,308,1276,1123,530,1360,1392,1067,1307,861,485,749,1387,2507,3124,1588,595,582,1804,1610,1473,1544,556,1547,1319,921,275,2090,1407,1304,555,1016,1384,1717,1941,1346,945,567,955,977,1796,2051,375,1576,1831,1466,1335,1081,1327,1244,1899,1719,1844,833,2538,2087,1330,583,877,1741,2195,1539,2295,1850,586,2064,1899,1099,1589,2274,2076,1761,1064,1975,2308,1923,2528,2275,2627,2473,2551,2530,2726,1856,2608,2120,2531,2986,2734,0,0,0
91,0,0,0,0,0,0,0,87,0,0,94,0,22,16,3,16,21,0,144,0,8,75,110,222,277,41,54,74,336,10,1,199,224,38,0,336,340,680,42,52,67,312,582,0,134,83,259,366,139,188,253,242,886,1093,279,74,804,281,249,277,289,926,85,266,1324,403,323,102,724,133,280,974,304,490,1258,259,1176,312,1473,1379,574,935,1472,984,1423,646,589,733,1175,1589,1588,2676,623,684,1846,1509,1745,1448,366,1343,1192,835,316,1345,1281,1243,674,596,1018,2676,1676,1054,1068,383,557,568,2676,1333,398,1688,2038,1596,893,1051,1634,1021,1792,1107,1159,745,2091,1495,1523,690,1168,1851,2156,1191,1560,1515,528,2356,1792,1234,1532,1957,1355,1770,984,1889,2363,1461,2002,2490,1991,2676,1926,2605,2380,1634,2676,2338,2425,2676,2559,0,0,0
92,0,0,0,0,0,0,0,25,0,0,29,0,12,2,1,18,29,0,105,0,5,52,81,91,138,46,14,36,75,93,2,129,142,32,0,161,95,325,18,32,36,127,145,0,82,42,109,81,159,186,177,120,287,316,179,27,341,179,189,178,195,425,29,183,629,282,201,28,225,49,102,514,197,471,663,215,513,118,559,561,317,307,661,351,944,796,283,404,542,566,595,623,1541,330,714,702,710,816,322,835,741,352,171,537,790,545,315,587,430,706,908,621,696,251,716,732,776,817,151,826,1002,1033,553,449,932,908,956,610,663,305,782,700,645,322,558,684,1131,641,673,699,637,1024,956,824,995,939,831,1122,1078,950,923,965,1075,998,1023,1257,1159,1371,1214,1541,1414,1294,1365,1400,1414,0,0,0
93,0,0,0,0,0,0,0,36,0,0,40,0,55,1,1,4,15,0,54,0,9,40,48,417,116,12,10,27,69,9,1,417,466,16,0,212,108,372,46,50,45,184,189,0,86,46,150,109,227,95,434,541,337,345,483,171,313,486,408,481,485,503,198,413,743,143,499,126,788,280,507,349,497,224,523,133,624,210,715,740,527,359,795,447,405,327,345,612,404,553,582,684,330,1406,751,814,761,657,176,647,583,958,202,548,609,787,396,249,400,765,762,698,477,176,232,235,991,596,423,893,999,840,401,1406,939,469,715,446,490,827,944,526,800,406,714,867,1079,515,649,687,227,1239,715,685,867,931,616,1081,454,848,1112,644,893,914,880,1369,838,1281,1160,803,1406,1295,1280,1295,1342,0,0,0
94,0,0,0,0,0,0,0,91,0,0,101,0,34,22,5,25,20,0,148,0,10,69,154,242,282,43,38,86,397,61,1,201,232,41,0,316,281,678,58,75,58,248,585,0,154,58,256,432,215,195,270,278,938,1600,304,87,921,306,246,299,316,823,102,255,1237,439,353,97,799,156,309,1136,322,606,1202,273,1116,342,1484,1164,556,1079,1466,1200,1423,837,512,765,1197,1827,1804,1846,714,751,2956,1499,1736,1433,369,1568,1178,952,322,1648,1271,1284,590,684,1359,1982,1926,1189,1076,424,719,697,2056,1448,445,1669,1950,1641,1362,1187,1546,1280,1814,1167,1261,845,2319,1782,1409,609,1016,1797,2142,1440,2065,1765,595,2259,1814,1148,1500,2241,1460,1900,1086,1838,2428,1849,2330,2360,2316,2803,2537,2859,2700,1797,2956,2317,2466,2956,2642,0,0,0
95,0,0,0,0,0,0,0,66,0,0,73,0,18,15,5,20,40,0,148,0,15,88,95,142,293,158,19,96,312,29,0,210,238,69,0,502,295,930,48,63,79,326,505,0,141,76,363,353,154,358,260,436,732,792,287,51,1002,290,270,283,302,1257,56,293,1761,598,336,33,735,137,219,953,320,481,1435,437,1460,343,1478,1428,716,797,2615,910,1515,687,634,841,1094,1523,1610,1509,702,814,1499,2914,1528,1439,576,1311,1811,796,338,1272,1940,1209,698,758,1079,1627,1528,1255,1013,401,744,809,1724,1486,401,2165,2407,1756,919,1169,1895,1074,1926,1287,1419,748,1890,1545,1445,707,1148,1437,2665,1146,1601,1334,569,2237,1926,1380,1709,1765,1513,1915,1099,2090,2047,1782,2020,1992,1966,2526,2075,2416,2302,1805,2598,2497,2646,2663,2914,0,0,0
96,0,0,0,0,0,0,0,88,0,0,95,0,21,12,5,28,21,0,140,0,10,80,97,227,295,47,36,83,357,25,0,200,230,38,0,316,409,788,51,68,67,308,630,0,179,75,268,400,192,229,263,304,1115,1044,290,93,925,292,255,286,303,949,113,271,1459,410,331,63,762,179,313,1121,317,462,1163,307,1341,301,1270,1441,552,883,1501,963,1315,656,560,681,1346,1461,1473,1745,710,761,1736,1528,2632,1612,404,1206,1213,909,298,1186,1322,1310,625,550,1185,1869,1425,1103,1202,381,554,570,1956,1131,427,1829,2071,1532,986,1146,1590,1226,1968,967,1047,820,2036,1502,1569,641,1188,1597,2254,1142,1696,1554,541,2194,1968,1357,1521,1976,1152,1758,992,1983,2198,1818,1953,2070,1885,2547,2143,2503,2386,1609,2632,2258,2406,2632,2537,0,0,0
97,0,0,0,0,0,0,0,46,0,0,54,0,26,5,3,16,32,0,96,0,5,90,78,160,407,37,24,78,333,40,0,197,224,48,0,314,351,1024,46,57,81,346,502,0,128,73,209,369,186,222,235,289,974,872,269,60,1118,270,286,268,281,1132,66,283,1751,438,302,41,665,114,183,1089,295,413,1459,274,1459,212,1301,1624,563,897,1392,896,1574,988,635,674,1265,1391,1544,1448,816,657,1433,1439,1612,2843,406,1428,1648,765,347,1081,1725,1314,718,636,1212,1554,1583,1143,1232,402,651,703,1660,1400,290,2185,2449,1768,914,1021,1882,1239,1971,1268,1342,725,1878,1475,1682,730,1377,1283,2843,1388,1475,1384,523,2247,1971,1461,2120,1742,1431,1938,1001,1954,2044,1720,2178,1830,1972,2522,2028,2481,2176,1734,2626,2470,2843,2575,2843,0,0,0
98,0,0,0,0,0,0,0,54,0,0,55,0,5,3,3,21,23,0,65,0,21,47,26,69,29,191,6,17,61,12,1,48,53,132,0,123,40,89,18,21,22,94,96,0,217,29,98,78,58,606,64,50,267,242,71,30,283,71,68,71,74,233,31,77,241,333,84,8,142,51,82,351,80,249,232,743,198,119,248,233,183,199,399,187,365,251,169,213,480,494,556,366,322,176,369,576,404,406,1070,324,539,216,91,487,591,259,196,470,323,389,371,497,267,204,453,502,404,607,150,470,490,397,514,262,372,414,764,542,547,190,663,588,333,205,218,600,645,316,741,593,377,473,764,369,624,739,616,467,581,796,504,744,595,823,699,631,877,661,928,822,688,632,905,1009,982,0,0,0
99,0,0,0,0,0,0,0,29,0,0,38,0,36,18,1,15,28,0,173,0,8,73,117,168,263,28,29,91,192,95,2,243,267,40,0,300,215,606,35,39,73,306,406,0,78,78,167,211,215,154,286,227,553,767,312,68,495,314,286,310,315,752,83,272,1120,421,345,48,504,118,208,645,335,574,1390,195,1011,305,1300,1132,556,1324,1264,851,1721,1366,615,698,685,1463,1547,1343,835,647,1568,1311,1206,1428,324,2693,1182,657,368,1515,1243,1066,694,807,904,1498,2188,997,907,542,876,912,1601,1989,379,1527,1980,1909,844,866,1630,958,1352,1610,1718,612,1612,1426,1157,717,1003,1291,2058,1904,1245,1072,602,2152,1352,1249,1733,1497,2007,2072,1119,1468,1966,1306,2693,1831,2281,2353,1792,2693,1983,1759,2693,2281,2362,2380,2471,0,0,0
100,0,0,0,0,0,0,0,50,0,0,54,0,16,5,4,17,40,0,172,0,5,87,65,104,320,183,17,86,218,28,0,204,226,64,0,311,135,891,52,63,67,278,398,0,115,76,189,265,123,374,242,272,648,665,263,35,803,264,293,262,274,954,37,253,1493,557,295,24,541,82,126,825,281,438,1134,421,1141,274,1205,1236,521,646,1569,847,1310,742,574,621,950,1200,1319,1192,741,583,1178,1811,1213,1648,539,1182,2615,606,323,1104,2601,976,630,687,848,1277,1334,1076,1099,327,761,810,1384,1336,314,1777,1989,1477,769,845,2007,917,1835,1130,1169,568,1665,1249,1275,638,1185,1192,2257,1018,1428,1120,532,1886,1835,1443,2102,1522,1364,1625,1010,1666,1736,1618,1724,1698,1628,2174,1842,2088,1995,1611,2247,2334,2577,2353,2615,0,0,0
101,0,0,0,0,0,0,0,29,0,0,31,0,55,3,1,4,12,0,51,0,7,31,43,417,120,12,12,59,660,31,6,410,456,16,0,190,170,398,130,167,20,163,598,0,80,34,126,753,296,105,573,103,557,652,626,171,555,626,450,616,650,541,198,463,709,173,679,102,1240,217,507,727,626,270,606,147,640,183,643,655,611,465,766,592,591,349,255,797,841,1004,921,835,352,958,952,796,909,765,216,657,606,1726,158,786,634,1321,324,373,798,897,802,1332,555,226,363,353,1123,720,375,835,972,896,563,1726,877,933,945,621,645,1465,1337,1019,868,337,710,1377,1099,735,1201,1291,265,1182,945,654,779,1540,730,1567,532,1015,1220,999,1271,1107,1273,1417,1289,1393,1691,933,1490,1340,1393,1726,1464,0,0,0
102,0,0,0,0,0,0,0,6,0,0,7,0,7,0,0,2,7,0,55,0,4,14,14,33,74,19,4,15,16,2,1,73,75,5,0,86,55,161,2,4,31,86,74,0,14,18,58,14,25,57,95,87,139,118,94,14,134,95,103,94,96,261,18,103,339,93,99,9,111,27,54,139,104,109,270,71,277,92,299,316,175,178,321,158,320,227,660,184,168,233,275,316,171,202,322,338,298,347,91,368,323,158,717,285,334,259,688,135,212,355,397,234,261,84,119,148,391,347,109,405,494,374,173,231,539,230,383,278,315,138,370,282,364,717,352,279,535,301,279,203,106,522,383,485,531,342,351,434,213,519,483,365,486,438,427,599,448,605,498,390,640,680,700,616,700,0,0,0
103,0,0,0,0,0,0,0,40,0,0,49,0,29,28,2,20,29,0,113,0,6,79,96,188,207,125,48,75,324,21,1,180,200,60,0,229,221,443,56,74,58,275,530,0,86,69,158,353,130,283,258,159,852,1337,274,68,592,276,207,270,286,553,80,217,875,551,325,74,676,95,218,955,288,520,796,335,779,253,1057,893,460,1346,1068,994,961,761,500,690,1056,2262,2090,1345,537,548,1648,1272,1186,1081,487,1515,1104,786,285,2943,1172,1039,584,918,1111,1463,2112,1169,843,490,930,930,1555,1906,327,1179,1447,1132,1343,945,1221,1018,1558,1549,1581,692,2353,2092,1057,619,739,1618,1681,1363,2165,1572,570,1790,1558,996,1435,2018,1921,1451,1038,1578,2186,1673,2272,2197,2564,2271,2380,2381,2535,1751,2443,1982,2272,2810,2451,0,0,0
104,0,0,0,0,0,0,0,83,0,0,89,0,19,8,6,27,40,0,235,0,5,100,71,111,324,191,19,92,221,38,0,209,232,69,0,348,152,897,57,69,68,284,415,0,133,77,223,273,136,403,253,280,687,714,277,36,873,278,297,275,289,992,38,266,1526,618,313,26,560,86,138,877,297,497,1180,458,1174,284,1272,1272,569,689,1685,876,1402,769,589,677,1038,1276,1407,1281,790,609,1271,1940,1322,1725,591,1243,2601,634,334,1172,2769,1017,646,764,902,1372,1418,1175,1129,347,805,883,1480,1447,327,1892,2113,1576,871,883,2052,982,1963,1232,1268,590,1762,1358,1323,655,1194,1292,2401,1072,1542,1235,602,1974,1963,1470,2172,1648,1475,1728,1112,1795,1830,1733,1820,1826,1715,2303,1981,2215,2131,1738,2382,2432,2710,2502,2769,0,0,0
105,0,0,0,0,0,0,0,37,0,0,42,0,19,7,7,7,30,0,62,0,8,58,206,168,531,21,12,75,641,28,7,410,457,33,0,320,488,707,130,140,59,368,953,0,82,57,295,753,159,117,498,222,836,835,570,59,647,572,471,567,580,762,80,482,1240,284,611,56,1139,126,203,819,620,405,976,168,1444,312,1057,1210,767,715,1172,974,1009,535,440,946,1032,1359,1304,1243,545,787,1284,1209,1310,1314,259,1066,976,1321,259,1039,1017,2433,622,466,1022,1497,1186,1540,872,344,486,484,1721,1063,392,1494,1646,1242,776,1467,1375,1156,1375,868,932,1294,1903,1192,1365,640,1129,1632,1768,1030,1371,1407,409,1929,1375,1007,1232,1763,1085,1850,816,1431,1952,1289,1762,1651,1732,2149,1719,2116,2082,1358,2205,1947,2050,2289,2142,0,0,0
106,0,0,0,0,0,0,0,8,0,0,11,0,13,0,0,1,13,0,71,0,9,50,31,75,123,40,84,29,56,5,7,125,131,22,0,148,120,338,3,11,59,654,169,0,29,170,116,55,56,108,166,178,313,263,163,30,286,165,180,163,172,539,32,180,691,193,176,15,246,51,107,305,184,193,536,143,558,154,557,643,319,401,649,356,599,421,1251,355,391,511,555,674,315,396,590,698,625,718,196,694,630,324,688,584,646,622,1462,274,426,744,740,568,559,162,252,284,807,643,184,801,967,709,395,483,1051,461,787,523,580,279,832,575,729,1462,683,602,1062,554,659,473,187,1045,787,994,1065,733,663,838,415,1077,1008,775,952,957,899,1211,943,1200,1055,766,1280,1375,1423,1296,1428,0,0,0
107,0,0,0,0,0,0,0,25,0,0,30,0,20,5,1,23,31,0,100,0,5,53,53,83,61,159,7,35,155,69,4,83,93,56,0,118,68,174,35,42,21,128,171,0,51,27,82,174,116,326,114,67,334,366,127,20,357,127,100,127,135,256,23,106,428,533,144,32,278,42,109,500,134,459,506,347,305,98,426,416,230,450,536,324,700,572,230,310,593,956,1016,596,587,249,684,758,550,636,470,807,687,373,135,918,764,466,274,1621,595,649,959,852,456,579,986,1146,685,1286,122,628,784,760,697,433,595,749,965,1087,1181,322,909,1058,442,281,310,833,960,733,985,797,682,816,965,593,898,1056,1295,904,1122,1038,814,1029,1157,1166,1321,1082,1290,1142,1350,1621,1192,982,1279,1526,1381,0,0,0
108,0,0,0,0,0,0,0,28,0,0,33,0,12,8,7,24,16,0,56,0,5,48,122,157,175,58,22,114,490,40,2,82,105,32,0,151,228,502,49,56,37,191,485,0,73,56,113,527,157,187,116,109,855,964,151,59,1001,152,123,149,157,681,71,133,871,320,182,38,649,95,196,1268,173,374,823,230,751,153,746,801,306,1036,1015,603,964,580,371,402,1255,1412,1384,1018,430,400,1359,1079,1185,1212,323,904,848,798,212,1111,902,1022,426,595,2165,1103,1104,980,908,437,611,637,1149,1129,229,1205,1229,1080,944,896,1048,1549,1494,1008,1070,723,1585,1711,970,445,683,1107,1587,1345,1565,1501,432,1333,1494,839,1108,1795,1137,1338,814,1429,1386,1643,2165,1412,2041,1621,2165,1685,2016,1320,1755,1554,1837,2165,1913,0,0,0
109,0,0,0,0,0,0,0,90,0,0,98,0,35,17,4,17,24,0,154,0,8,80,206,240,294,47,55,81,349,16,1,223,249,40,0,359,488,738,43,53,74,349,679,0,142,86,283,379,151,204,278,279,916,1164,305,76,874,307,280,303,316,996,91,298,1426,447,350,106,776,145,307,1037,335,550,1349,277,1351,335,1566,1463,629,1005,1585,1058,1533,738,652,794,1245,1734,1717,2676,706,765,1982,1627,1869,1554,389,1498,1277,897,355,1463,1372,1497,744,649,1103,2959,1829,1153,1154,445,619,631,2959,1478,427,1835,2200,1738,1035,1141,1777,1149,1927,1215,1276,793,2263,1605,1656,765,1278,1979,2335,1308,1673,1613,587,2581,1927,1336,1673,2116,1502,1933,1100,2004,2584,1599,2196,2744,2181,2942,2122,2880,2603,1818,2959,2542,2651,2959,2798,0,0,0
110,0,0,0,0,0,0,0,46,0,0,60,0,38,23,0,18,30,0,211,0,7,93,136,233,269,35,43,58,244,87,2,237,265,43,0,340,264,636,49,65,89,327,492,0,103,78,205,278,213,182,305,275,695,1100,329,71,632,331,279,326,343,866,89,275,1215,494,380,83,635,135,279,794,354,614,1451,235,1095,366,1439,1227,609,1191,1464,1123,1723,1300,642,824,884,1974,1941,1676,908,762,1926,1528,1425,1583,371,2188,1334,802,397,2112,1418,1186,740,959,1104,1829,3156,1146,1030,590,994,1056,1943,2305,452,1697,2180,1930,1175,1055,1731,1155,1624,1807,1945,702,2047,1730,1345,772,1035,1606,2296,1810,1643,1367,644,2411,1624,1322,1883,1869,2331,2137,1199,1662,2436,1551,2684,2296,2634,2906,2231,3102,2454,1993,3156,2545,2674,2876,2832,0,0,0
111,0,0,0,0,0,0,0,44,0,0,52,0,23,3,5,25,37,0,113,0,10,85,95,132,132,151,5,67,647,106,7,411,458,66,0,248,221,463,130,141,54,361,644,0,66,42,173,742,201,321,542,153,716,772,616,43,764,618,449,611,622,690,48,461,810,1042,652,43,1115,79,163,985,629,690,872,369,761,152,748,806,672,603,1021,700,984,651,380,850,1096,1398,1346,1054,621,698,1189,1255,1103,1143,497,997,1076,1332,234,1169,1175,1540,568,852,980,1153,1146,2486,750,398,850,897,1373,1270,212,1183,1336,1178,910,1418,1136,1210,1509,1166,1206,1290,1727,1503,1003,582,736,1644,1582,966,1645,1549,766,1423,1509,910,1412,1898,1285,1812,1216,1538,1521,1631,1700,1697,1723,1793,1915,1878,2239,1706,1955,1758,2103,2399,2200,0,0,0
112,0,0,0,0,0,0,0,14,0,0,23,0,23,7,3,2,33,0,58,0,2,50,57,142,262,29,31,86,224,22,1,115,133,36,0,152,297,531,30,41,55,247,406,0,37,89,101,247,137,108,157,188,587,589,172,75,652,174,168,169,180,719,79,174,1093,312,196,40,463,110,187,850,188,330,792,142,837,190,705,868,303,549,952,606,891,541,500,367,974,917,945,1068,696,477,1076,1013,1202,1232,267,907,1099,555,261,843,1129,872,559,456,908,1154,1030,750,2168,296,448,476,1216,911,289,1220,1405,1051,725,721,1474,1271,2121,765,823,503,1497,1035,980,569,815,990,1609,817,1412,1138,451,1420,2121,1551,1545,1559,926,1203,832,1568,1444,1907,1411,1531,1440,1769,1994,1706,1919,1371,1857,2168,2151,2168,2168,0,0,0
113,0,0,0,0,0,0,0,9,0,0,12,0,11,4,3,8,15,0,34,0,3,19,46,41,51,37,6,18,94,43,3,53,59,19,0,67,61,140,18,21,19,68,107,0,20,16,63,104,70,100,70,72,194,227,80,14,201,80,66,80,83,195,17,70,290,205,93,15,176,34,57,281,96,171,314,114,244,63,300,297,159,286,345,195,440,363,144,214,374,557,567,383,251,176,424,401,381,402,204,542,327,226,84,490,347,344,162,579,437,445,590,398,296,1031,620,643,473,760,81,388,501,486,469,295,417,498,507,642,681,208,531,594,338,164,278,479,602,521,533,446,375,545,507,358,470,628,762,597,641,574,557,564,784,757,1031,713,783,772,831,1031,806,655,743,967,810,0,0,0
114,0,0,0,0,0,0,0,12,0,0,16,0,17,4,1,26,24,0,78,0,3,45,59,82,78,141,7,35,149,87,2,78,85,55,0,121,64,218,30,42,32,116,190,0,49,35,82,168,132,309,116,69,363,443,124,26,378,124,109,123,137,276,27,99,423,548,145,38,284,45,91,533,135,589,499,325,349,95,460,440,242,444,531,346,747,732,208,357,588,949,955,557,716,232,719,744,554,651,453,876,761,363,119,930,805,486,252,986,611,619,994,850,448,620,1695,1199,663,1319,123,649,774,802,672,425,644,713,908,1074,1118,315,920,1073,457,260,381,801,949,760,992,764,703,815,908,526,902,1018,1323,945,1185,914,845,1055,1247,1133,1423,1070,1295,1210,1340,1695,1249,1017,1296,1545,1389,0,0,0
115,0,0,0,0,0,0,0,20,0,0,26,0,20,7,3,21,36,0,96,0,3,48,57,70,67,159,13,36,138,86,4,94,100,64,0,147,72,219,31,40,27,125,159,0,47,26,94,156,137,357,129,71,319,394,136,18,372,137,116,136,148,279,20,111,457,568,160,29,270,36,82,529,147,524,555,378,348,95,458,456,262,479,582,320,812,721,246,354,594,962,977,568,732,235,697,809,570,703,502,912,810,353,148,930,883,484,284,1146,637,631,1056,897,476,643,1199,1752,678,1409,116,688,833,869,665,422,697,748,992,1088,1167,313,918,1120,486,293,386,806,1016,835,1017,774,733,854,992,637,993,1054,1413,1009,1200,1025,865,1090,1291,1158,1429,1158,1338,1263,1382,1752,1309,1099,1396,1606,1489,0,0,0
116,0,0,0,0,0,0,0,90,0,0,98,0,37,17,4,17,27,0,161,0,8,82,206,250,319,47,55,86,362,16,1,415,463,40,0,419,488,781,60,72,80,379,707,0,147,94,299,402,161,207,471,306,960,1208,519,80,903,521,444,516,530,1044,98,464,1512,457,564,106,965,158,320,1054,548,583,1418,286,1428,344,1630,1537,806,1068,1674,1168,1572,802,707,1008,1271,1810,1796,2676,776,991,2056,1724,1956,1660,404,1601,1384,1123,391,1555,1480,1721,807,685,1149,2959,1943,1373,1216,473,663,678,3185,1576,442,1953,2337,1835,1101,1367,1932,1210,2019,1276,1362,1019,2422,1671,1773,832,1397,2195,2497,1386,1758,1734,617,2758,2019,1444,1827,2273,1601,2158,1173,2110,2788,1683,2327,2818,2302,3167,2244,3083,2828,1948,3185,2753,2867,3185,3017,0,0,0
117,0,0,0,0,0,0,0,29,0,0,43,0,33,22,2,24,51,0,170,0,6,78,116,179,240,138,27,55,239,87,4,212,228,83,0,280,190,526,54,67,66,295,445,0,87,60,167,271,199,364,285,191,616,801,300,63,623,302,258,298,314,716,77,253,989,675,348,53,538,110,223,768,317,618,1226,410,889,293,1122,983,543,1133,1225,854,1482,1309,547,747,891,1945,2051,1333,817,596,1448,1486,1131,1400,607,1989,1336,720,347,1906,1447,1063,643,1286,1129,1478,2305,1270,911,760,1319,1409,1576,3135,367,1421,1823,1643,1198,903,1496,1193,1627,2218,2359,641,1851,1980,1115,681,893,1521,2039,1822,1698,1334,726,1941,1627,1155,1840,1854,3135,1892,1333,1649,1946,1632,2530,2198,2536,2335,2308,2533,2490,2163,2612,2210,2541,2891,2697,0,0,0
118,0,0,0,0,0,0,0,25,0,0,27,0,6,4,1,3,3,0,54,0,11,12,15,273,166,20,8,12,38,2,0,56,60,17,0,112,69,266,14,15,15,72,314,0,84,21,100,57,204,86,63,110,209,226,70,171,148,71,63,70,70,241,198,65,251,63,79,16,167,202,299,188,77,100,237,131,500,594,376,325,170,253,387,367,282,140,159,197,249,377,375,398,151,423,445,401,427,290,150,379,314,375,109,327,327,392,184,122,229,427,452,212,289,81,123,116,442,367,807,438,520,441,265,453,412,266,465,275,278,297,561,350,463,190,410,389,568,314,445,380,96,736,465,379,425,483,372,477,202,522,608,411,545,524,520,787,549,773,617,388,807,692,709,718,756,0,0,0
119,0,0,0,0,0,0,0,80,0,0,87,0,26,18,6,32,32,0,184,0,15,101,103,159,448,49,17,112,313,28,0,235,269,54,0,541,407,1142,44,57,88,383,554,0,161,79,391,347,173,248,283,464,945,892,311,62,1139,314,344,309,325,1349,68,341,2054,465,363,31,738,150,238,1051,348,499,1617,329,1810,363,1729,1883,782,883,2143,1030,1697,912,719,900,1232,1431,1576,1688,826,893,1669,2165,1829,2185,470,1527,1777,835,405,1179,1892,1494,801,628,1205,1835,1697,1183,1220,388,649,688,1953,1421,438,3033,2810,1961,913,1242,2121,1186,2038,1241,1330,793,2008,1476,1741,813,1469,1473,3033,1429,1499,1407,592,2693,2038,1597,2021,1816,1453,2106,1107,2136,2306,1714,2257,1980,2049,2841,2069,2734,2308,1833,2919,2727,2862,2727,3033,0,0,0
120,0,0,0,0,0,0,0,87,0,0,99,0,36,17,4,21,38,0,230,0,16,110,123,205,461,45,28,99,347,43,0,291,325,54,0,517,429,1210,44,60,110,440,661,0,193,103,396,379,215,253,350,480,948,930,378,78,931,381,402,374,394,1475,85,398,2382,516,431,53,850,165,285,971,419,578,1993,337,1916,429,1920,2029,831,1022,2375,1176,2087,1144,864,971,1190,1696,1831,2038,1002,999,1950,2407,2071,2449,490,1980,1989,972,494,1447,2113,1646,967,784,1229,2200,2180,1336,1405,501,774,833,2337,1823,520,2810,3575,2386,983,1386,2512,1318,2232,1545,1671,909,2276,1624,1943,981,1679,1740,3575,1675,1686,1462,641,3162,2232,1874,2366,2002,1864,2575,1282,2411,2738,1874,2634,2420,2406,3447,2369,3325,2670,2196,3575,3321,3373,3206,3575,0,0,0
121,0,0,0,0,0,0,0,87,0,0,98,0,55,10,3,21,28,0,210,0,11,81,106,297,280,43,26,87,338,104,1,218,247,41,0,346,337,865,39,46,81,316,417,0,143,84,227,368,370,211,257,347,579,680,287,171,778,288,295,284,294,1146,188,286,1476,448,323,36,625,259,327,894,318,625,1993,270,1346,259,1520,1476,607,727,1718,821,2378,1323,630,708,1030,1359,1466,1596,1033,840,1641,1756,1532,1768,397,1909,1477,896,374,1132,1576,1242,709,760,1080,1738,1930,1178,1051,486,802,869,1835,1643,441,1961,2386,2813,852,1175,1850,1108,1706,1446,1554,865,1571,1514,1621,732,1361,1497,2464,1623,1449,1324,669,2346,1706,1421,1830,1731,1664,2813,1213,1892,1820,1542,2370,1987,2110,2590,1975,2794,2187,1876,2813,2544,2610,2562,2720,0,0,0
122,0,0,0,0,0,0,0,89,0,0,93,0,19,16,7,28,20,0,117,0,7,66,206,174,114,81,38,87,216,56,0,89,106,44,0,219,108,214,49,58,24,193,322,0,134,37,170,245,165,292,126,102,713,1078,154,81,751,155,125,151,160,430,85,144,560,441,185,27,396,114,206,919,168,451,523,359,449,169,638,459,364,668,816,702,719,481,339,516,1057,1456,1335,893,553,401,1362,919,986,914,514,844,769,563,173,1343,871,776,395,697,944,1035,1175,910,725,469,672,665,1101,1198,265,913,983,852,2486,666,947,1193,1360,950,981,479,1837,1531,810,411,546,1574,1445,848,2071,1706,551,1172,1360,832,1155,2139,1209,1076,966,1443,1462,1527,1592,2297,1852,1770,2474,1779,2486,1560,1881,1585,1892,2486,2069,0,0,0
123,0,0,0,0,0,0,0,39,0,0,43,0,55,32,1,5,16,0,70,0,12,51,58,417,171,15,16,65,661,31,8,417,466,25,0,246,210,593,130,167,51,235,634,0,104,57,180,753,307,128,573,541,694,753,626,171,624,631,481,616,651,784,198,494,1079,225,720,140,1449,280,507,794,639,345,810,181,926,240,971,1037,677,586,1139,740,740,449,399,892,926,1162,1081,1051,449,1406,1187,1169,1146,1021,262,866,845,1726,231,945,883,1467,483,433,896,1141,1055,1418,721,295,425,422,1367,903,453,1242,1386,1175,666,2205,1260,1031,1163,763,801,1561,1624,1131,1137,497,947,1499,1523,889,1354,1377,340,1650,1163,907,1113,1683,927,1847,686,1302,1602,1191,1545,1393,1550,1881,1523,1811,1944,1207,1963,1791,1829,2088,1924,0,0,0
124,0,0,0,0,0,0,0,30,0,0,37,0,16,12,2,4,32,0,170,0,4,82,111,169,402,30,36,84,263,25,0,321,346,35,0,412,231,1060,51,69,112,469,495,0,96,126,267,297,189,201,398,443,776,794,417,82,789,418,458,412,432,1387,84,427,1990,399,458,51,771,148,234,847,449,544,1423,251,1498,315,1524,1622,780,824,1849,1033,1579,974,941,900,1001,1272,1327,1634,932,939,1546,1895,1590,1882,372,1630,2007,877,539,1221,2052,1375,1051,595,1048,1777,1731,1136,1474,417,644,697,1932,1496,412,2121,2512,1850,947,1260,3281,1279,1948,1129,1251,830,2078,1388,1757,1060,1664,1473,2739,1376,1617,1301,580,2619,1948,1864,2721,1829,1536,2112,1168,2045,2345,1875,2171,2163,2157,2912,2232,2849,2456,1945,3048,3281,3257,2946,3281,0,0,0
125,0,0,0,0,0,0,0,40,0,0,47,0,14,1,6,23,33,0,97,0,7,60,175,194,164,66,23,80,547,64,4,105,139,45,0,162,201,503,76,83,52,217,523,0,97,59,130,610,195,238,144,123,699,797,205,72,800,206,150,202,211,675,82,155,911,432,232,44,761,109,230,1245,228,494,799,278,746,179,750,766,344,666,983,652,974,641,392,458,1239,1277,1244,1021,908,469,1280,1074,1226,1239,414,958,917,933,230,1018,982,1156,461,749,1549,1149,1155,1210,1271,498,713,748,1210,1193,266,1186,1318,1108,1193,1031,1279,2369,1826,1033,1088,841,1567,1592,1003,476,759,1313,1636,1194,1483,1623,703,1412,1826,1043,1408,1975,1206,1448,1186,1595,1479,1966,1894,1622,1918,1777,2360,1825,2241,1725,1928,1839,2091,2369,2147,0,0,0
126,0,0,0,0,0,0,0,91,0,0,100,0,34,14,7,31,52,0,199,0,12,94,110,220,286,180,39,95,397,42,1,199,235,86,0,353,388,777,75,91,76,359,641,0,157,110,247,463,213,462,256,248,1150,1214,306,99,1247,308,262,302,322,1143,107,291,1459,732,355,46,780,162,277,1521,337,570,1304,560,1258,341,1236,1329,592,1009,1660,953,1487,781,705,731,1843,1840,1899,1792,956,715,1814,1926,1968,1971,764,1352,1835,945,383,1558,1963,1375,787,965,1494,1927,1624,1509,2121,507,908,992,2019,1627,465,2038,2232,1706,1360,1163,1948,1826,3558,1449,1510,859,2504,2101,1606,804,1201,1846,2742,1331,2426,2060,786,2204,3558,1824,2268,2664,1648,1968,1378,2842,2226,2931,2349,2562,2390,2745,3108,2682,3220,2229,2855,2873,3393,3558,3558,0,0,0
127,0,0,0,0,0,0,0,20,0,0,32,0,25,19,2,28,40,0,170,0,6,86,83,125,152,150,17,57,260,76,2,146,162,67,0,203,215,422,46,54,50,253,346,0,60,46,115,289,160,334,200,147,569,654,222,47,617,223,178,220,229,630,58,188,800,640,264,30,471,90,162,770,234,471,1159,365,726,214,962,840,402,917,1036,624,1345,1124,457,561,863,1594,1719,1107,610,446,1167,1287,967,1268,542,1610,1130,621,278,1549,1232,868,523,1087,1008,1215,1807,1166,765,642,1074,1088,1276,2218,275,1241,1545,1446,950,763,1129,1033,1449,2541,2228,563,1501,1705,924,555,671,1306,1738,1590,1438,1218,616,1570,1449,958,1568,1598,2224,1641,1097,1480,1501,1463,2092,1803,2033,1857,1917,2021,2064,1749,2064,1743,2119,2357,2244,0,0,0
128,0,0,0,0,0,0,0,26,0,0,38,0,23,25,2,23,44,0,160,0,5,98,105,134,170,151,16,73,249,78,2,177,196,68,0,227,218,464,49,58,54,286,381,0,64,46,115,278,160,332,240,155,575,659,264,48,656,265,216,261,274,713,58,226,890,646,310,40,485,90,171,802,275,492,1223,365,794,218,1025,907,455,945,1149,680,1442,1214,507,616,862,1677,1844,1159,663,490,1261,1419,1047,1342,547,1718,1169,645,315,1581,1268,932,580,1181,1070,1276,1945,1206,823,681,1118,1167,1362,2359,278,1330,1671,1554,981,801,1251,1088,1510,2228,2691,592,1588,1731,1005,615,741,1349,1873,1672,1484,1232,632,1697,1510,1014,1637,1657,2376,1758,1145,1562,1623,1539,2248,1904,2157,1989,2008,2164,2178,1848,2213,1899,2251,2500,2385,0,0,0
129,0,0,0,0,0,0,0,23,0,0,25,0,17,5,0,4,7,0,39,0,12,29,34,251,109,7,4,50,660,21,7,411,460,10,0,182,170,406,130,144,22,142,587,0,77,29,118,753,266,91,549,192,524,588,626,171,484,631,453,615,629,509,192,463,684,150,663,52,1160,280,283,626,628,230,604,133,649,105,633,671,592,424,728,556,558,312,214,770,747,906,833,745,305,827,845,748,820,725,190,612,568,1465,138,692,590,1294,279,322,723,793,702,1290,503,208,315,313,1019,641,297,793,909,865,479,1561,830,841,859,563,592,1561,1229,897,838,292,693,1315,1027,675,1051,1186,232,1092,859,608,725,1388,650,1518,475,931,1130,906,1162,987,1142,1284,1146,1270,1514,830,1338,1238,1280,1541,1340,0,0,0
130,0,0,0,0,0,0,0,83,0,0,93,0,33,27,4,27,34,0,134,0,16,112,139,287,473,96,64,92,612,20,1,322,359,77,0,377,394,958,97,114,74,389,1081,0,171,99,305,676,189,358,412,323,1716,2009,465,95,1100,469,392,458,474,1059,105,425,1627,615,526,140,1276,165,330,1606,491,686,1144,462,1594,439,1557,1562,787,1611,1735,1671,1313,747,716,1064,1867,2655,2538,2091,782,944,2319,1890,2036,1878,663,1612,1665,1337,370,2353,1762,1903,832,909,1585,2263,2047,1727,1497,531,920,918,2422,1851,561,2008,2276,1571,1837,1624,2078,1567,2504,1501,1588,1229,4246,2258,1921,851,1475,2391,2742,1546,3185,2492,719,2815,2504,1657,2134,3118,1879,2141,1343,2583,3304,2554,2825,3062,3072,3453,3412,3438,3748,2321,3572,3121,3490,4068,3710,0,0,0
131,0,0,0,0,0,0,0,40,0,0,48,0,36,17,6,30,33,0,134,0,6,69,106,220,190,155,40,84,521,76,4,137,162,72,0,233,264,561,79,106,43,275,592,0,110,74,157,571,242,347,237,119,1025,1284,264,90,1149,265,175,259,284,830,104,195,987,658,317,52,792,133,265,1490,280,556,1108,409,897,243,999,972,447,1181,1302,851,1361,907,494,679,1507,2160,2087,1495,700,526,1782,1545,1502,1475,588,1426,1249,1019,282,2092,1358,1192,575,1058,1711,1605,1730,1503,1035,594,1073,1120,1671,1980,350,1476,1624,1514,1531,1131,1388,1592,2101,1705,1731,897,2258,3231,1225,611,881,1816,2075,1566,2412,2032,678,1776,2101,1096,1648,2549,1987,1866,1190,1987,1889,2310,2581,2409,2809,2243,2917,2395,2993,1969,2482,2128,2598,3231,2766,0,0,0
132,0,0,0,0,0,0,0,75,0,0,84,0,16,12,3,12,28,0,106,0,11,85,84,260,446,37,41,63,316,18,0,224,259,31,0,326,310,955,53,59,88,329,526,0,133,82,270,361,257,185,273,326,876,872,308,166,789,310,279,307,314,1065,175,291,1463,332,344,30,686,223,287,863,338,393,1163,247,1448,275,1277,1543,586,791,1391,1101,1320,714,640,702,1007,1267,1330,1523,645,800,1409,1445,1569,1682,333,1157,1275,868,364,1057,1323,1365,729,442,970,1656,1345,1003,980,338,457,486,1773,1115,463,1741,1943,1621,810,1137,1757,1003,1606,924,1005,838,1921,1225,2594,747,1966,1382,2143,1071,1365,1242,457,2287,1606,1370,1700,1605,1153,1788,892,1870,2256,1429,1797,1784,1689,2594,1790,2587,2017,1529,2594,2373,2526,2352,2594,0,0,0
133,0,0,0,0,0,0,0,8,0,0,11,0,13,0,0,2,14,0,71,0,9,51,33,76,125,41,86,30,63,5,8,128,134,22,0,149,127,341,3,11,59,664,174,0,29,181,117,59,57,112,170,182,318,271,167,31,293,169,182,167,176,545,36,182,698,198,180,15,252,56,111,317,188,195,545,147,573,156,572,652,322,413,656,368,614,437,1251,359,405,545,583,690,322,406,609,707,641,730,205,717,638,337,717,619,655,640,1462,281,445,765,772,582,569,164,260,293,832,681,190,813,981,732,411,497,1060,476,804,555,615,292,851,611,747,1514,695,624,1077,587,685,485,190,1069,804,1004,1075,754,701,864,421,1091,1038,798,1002,989,950,1246,979,1237,1093,783,1317,1403,1458,1345,1463,0,0,0
134,0,0,0,0,0,0,0,22,0,0,29,0,13,2,0,4,24,0,89,0,6,59,70,233,426,19,39,52,220,12,0,207,236,19,0,274,183,932,41,46,86,302,391,0,94,79,197,257,242,127,248,292,652,562,275,166,495,277,286,274,280,908,171,263,1319,209,296,22,536,202,252,571,306,315,989,160,1255,228,1086,1377,521,576,1129,923,1080,612,600,606,656,831,877,1168,558,714,1016,1148,1188,1377,218,1003,1185,710,352,739,1194,1129,683,310,683,1278,1035,736,815,278,381,386,1397,893,410,1469,1679,1361,546,947,1664,759,1201,671,741,693,1475,881,1966,695,2117,1026,1755,866,966,826,356,1932,1201,1288,1508,1166,925,1500,732,1420,1795,1059,1404,1383,1313,2117,1352,2116,1550,1225,2117,2117,2093,1876,2117,0,0,0
135,0,0,0,0,0,0,0,89,0,0,97,0,28,19,5,29,18,0,145,0,10,89,155,272,192,133,38,85,540,32,3,412,459,46,0,377,379,507,128,136,34,297,710,0,170,64,257,642,234,362,543,187,947,1192,616,138,768,617,460,615,621,756,157,478,1063,537,662,81,1094,201,317,1111,634,577,1073,450,981,230,1229,1073,799,869,1294,966,1221,643,520,1039,1472,1817,1741,1851,684,867,1797,1437,1597,1283,600,1291,1192,1377,279,1618,1292,1632,602,833,1107,1979,1606,1644,990,479,801,806,2195,1521,389,1473,1740,1497,1574,1499,1473,1313,1846,1306,1349,1315,2391,1816,1382,624,1026,3050,2014,1220,2076,2243,704,2099,1846,1211,1580,2732,1536,2062,1192,1999,2246,1774,2101,2682,2246,2538,2397,2519,3050,1885,2601,2275,2514,3050,2689,0,0,0
136,0,0,0,0,0,0,0,93,0,0,105,0,37,19,6,46,41,0,259,0,17,142,140,242,467,77,31,116,382,45,0,319,361,69,0,600,435,1218,66,83,118,483,720,0,200,116,413,437,246,350,386,490,1222,1235,434,101,1487,437,442,430,451,1590,111,449,2382,641,491,65,942,194,323,1382,481,677,1993,458,1940,450,1949,2062,952,1253,2615,1279,2131,1219,952,1124,1663,2033,2195,2156,1131,1079,2142,2665,2254,2843,645,2058,2257,1099,535,1681,2401,1768,1062,960,1587,2335,2296,1582,1609,602,949,1016,2497,2039,568,3033,3575,2464,1445,1523,2739,1636,2742,1738,1873,1027,2742,2075,2143,1077,1755,2014,4205,1871,2195,1957,791,3274,2742,2078,2717,2557,2081,2735,1509,2892,2981,2447,3043,2820,2822,3724,2957,3621,3274,2580,3880,3635,3933,3824,4205,0,0,0
137,0,0,0,0,0,0,0,44,0,0,51,0,23,25,4,15,20,0,127,0,9,58,114,165,199,24,22,101,319,75,1,173,194,39,0,267,200,531,49,63,53,254,395,0,96,61,161,353,204,173,239,154,649,851,256,58,663,258,233,253,269,693,72,229,956,347,308,39,541,105,204,887,275,461,1240,211,852,245,1122,999,476,1145,1100,711,1493,1332,493,679,875,1453,1539,1191,641,515,1440,1146,1142,1388,316,1904,1018,735,301,1363,1072,1030,554,733,1345,1308,1810,966,817,521,760,835,1386,1822,314,1429,1675,1623,848,889,1376,1194,1331,1590,1672,675,1546,1566,1071,587,866,1220,1871,2411,1298,1242,502,1812,1331,1009,1532,1582,1831,1839,974,1385,1650,1364,2411,1589,2120,1983,1834,2192,1953,1524,2219,1916,2089,2227,2168,0,0,0
138,0,0,0,0,0,0,0,84,0,0,89,0,41,24,5,29,37,0,137,0,9,84,93,306,213,150,62,89,629,45,1,139,172,90,0,307,273,569,115,137,53,307,771,0,149,98,226,712,221,425,235,162,1399,1781,289,102,1096,291,225,279,300,918,109,245,1118,699,348,107,1029,154,345,1680,300,657,1022,525,963,313,1055,1004,570,1279,1374,1066,1223,669,551,811,1836,2434,2295,1560,673,649,2065,1601,1696,1475,741,1245,1428,1201,279,2165,1542,1371,659,985,1565,1673,1643,1645,1412,533,992,1017,1758,1698,445,1499,1686,1449,2071,1354,1617,1483,2426,1438,1484,1051,3185,2412,1365,685,966,2076,2195,1298,3856,2468,687,1905,2426,1446,1809,3087,1712,1918,1266,2370,2244,2710,2486,2817,2850,2688,3719,2689,3644,2204,2856,2617,3065,3856,3267,0,0,0
139,0,0,0,0,0,0,0,87,0,0,96,0,28,17,7,35,16,0,122,0,7,86,141,293,163,109,40,105,624,45,1,249,286,46,0,295,287,460,106,118,26,231,695,0,155,56,209,706,257,337,346,120,1189,1443,411,142,1159,411,294,404,419,762,157,325,896,525,455,71,1011,193,339,1612,420,530,929,431,819,216,1020,891,586,990,1203,827,1092,594,400,786,1806,1899,1850,1515,699,687,1765,1334,1554,1384,593,1072,1120,1291,203,1572,1235,1407,473,797,1501,1613,1367,1549,1138,446,764,774,1734,1334,380,1407,1462,1324,1706,1377,1301,1623,2060,1218,1232,1186,2492,2032,1242,485,826,2243,1957,1242,2468,2933,689,1723,2060,1153,1467,2933,1349,1824,1135,2088,1883,2192,2166,2343,2287,2202,2764,2199,2933,1781,2289,2041,2420,2933,2581,0,0,0
140,0,0,0,0,0,0,0,22,0,0,26,0,12,6,3,19,21,0,53,0,5,40,80,66,85,109,6,32,93,81,1,68,75,40,0,107,71,185,20,23,20,74,111,0,53,17,80,105,127,286,89,86,286,322,97,25,300,98,87,96,100,251,27,91,394,562,113,27,186,36,87,458,109,776,368,305,297,68,429,377,210,297,446,228,602,462,162,263,509,564,586,528,637,227,595,569,541,523,377,602,532,265,106,570,602,409,187,682,432,587,644,766,451,375,703,733,617,726,96,592,641,669,551,340,580,703,786,616,632,232,719,678,457,190,356,704,791,502,687,689,1256,747,786,546,738,882,730,739,1256,887,722,897,826,924,926,917,1015,971,1064,1256,1003,875,1061,1179,1140,0,0,0
141,0,0,0,0,0,0,0,82,0,0,92,0,35,22,3,18,35,0,195,0,17,106,173,313,531,46,51,100,375,34,0,376,416,54,0,486,488,1254,51,69,141,473,851,0,193,115,393,408,270,251,447,541,1128,1304,479,133,894,482,481,474,494,1406,155,480,2248,496,538,111,1034,238,394,1060,524,686,1778,337,2107,566,2152,2163,913,1296,2192,1610,1978,1163,923,1108,1264,2022,2064,2356,1024,1239,2259,2237,2194,2247,473,2152,1886,1182,522,1790,1974,1929,1045,816,1333,2581,2411,1423,1420,545,815,854,2758,1941,736,2693,3162,2346,1172,1650,2619,1412,2204,1570,1697,1092,2815,1776,2287,1069,1932,2099,3274,1812,1905,1723,747,3942,2204,1916,2433,2288,1980,2633,1431,2475,3362,1953,2889,2771,2798,3866,2581,3786,2991,2362,3942,3520,3582,3535,3764,0,0,0
142,0,0,0,0,0,0,0,91,0,0,100,0,34,14,7,31,52,0,199,0,12,94,110,220,286,180,39,95,397,42,1,199,235,86,0,353,388,777,75,91,76,359,641,0,157,110,247,463,213,462,256,248,1150,1214,306,99,1247,308,262,302,322,1143,107,291,1459,732,355,46,780,162,277,1521,337,570,1304,560,1258,341,1236,1329,592,1009,1660,953,1487,781,705,731,1843,1840,1899,1792,956,715,1814,1926,1968,1971,764,1352,1835,945,383,1558,1963,1375,787,965,1494,1927,1624,1509,2121,507,908,992,2019,1627,465,2038,2232,1706,1360,1163,1948,1826,3558,1449,1510,859,2504,2101,1606,804,1201,1846,2742,1331,2426,2060,786,2204,3558,1824,2268,2664,1648,1968,1378,2842,2226,2931,2349,2562,2390,2745,3108,2682,3220,2229,2855,2873,3393,3558,3558,0,0,0
143,0,0,0,0,0,0,0,23,0,0,32,0,18,2,3,6,36,0,166,0,5,72,61,157,231,40,61,81,192,22,0,204,223,35,0,315,301,666,27,43,84,442,341,0,82,127,206,214,176,191,258,299,678,581,264,89,665,267,324,260,277,1006,92,284,1375,363,288,22,532,149,211,815,293,384,1109,232,1053,266,961,1193,546,655,1289,701,1210,736,912,605,951,1012,1099,1234,824,685,1148,1380,1357,1461,369,1249,1443,654,485,996,1470,1007,994,593,839,1336,1322,910,1551,358,526,637,1444,1155,379,1597,1874,1421,832,907,1864,1043,1824,958,1014,608,1657,1096,1370,1004,1288,1211,2078,1009,1446,1153,546,1916,1824,2652,1938,1621,1183,1608,1026,2303,1814,1680,1699,1818,1602,2283,1947,2217,2099,1707,2376,2652,2603,2446,2652,0,0,0
144,0,0,0,0,0,0,0,34,0,0,42,0,23,12,5,18,52,0,190,0,5,109,120,194,362,171,35,76,167,44,0,309,332,65,0,316,239,857,58,75,118,500,391,0,119,123,183,207,205,420,393,374,844,823,415,90,832,415,426,410,429,1239,93,407,1572,730,448,52,646,140,226,973,439,587,1363,470,1257,318,1312,1431,676,919,1470,917,1572,1128,953,788,1114,1470,1589,1532,995,867,1500,1709,1521,2120,624,1733,2102,779,531,1435,2172,1232,1065,898,1108,1673,1883,1412,1545,470,902,993,1827,1840,425,2021,2366,1830,1155,1113,2721,1408,2268,1568,1637,725,2134,1648,1700,1075,1508,1580,2717,1532,1809,1467,738,2433,2268,1938,3498,2020,1880,2093,1383,2271,2264,2146,2323,2356,2247,2848,2486,2861,2689,2209,3021,3183,3498,3186,3498,0,0,0
145,0,0,0,0,0,0,0,90,0,0,100,0,36,21,7,42,30,0,165,0,11,116,174,351,226,131,54,124,652,63,3,351,398,65,0,373,370,634,130,152,50,351,810,0,178,82,265,753,309,417,483,193,1367,1678,547,162,1326,549,409,540,561,998,180,444,1248,686,611,91,1196,225,421,1849,568,693,1231,524,1112,293,1281,1176,783,1249,1579,1098,1438,845,627,1045,2093,2350,2274,1957,939,931,2241,1765,1976,1742,739,1497,1522,1540,342,2018,1648,1763,733,1056,1795,2116,1869,1898,1559,628,1018,1054,2273,1854,483,1816,2002,1731,2139,1683,1829,1975,2664,1598,1657,1388,3118,2549,1605,754,1166,2732,2557,1582,3087,2933,882,2288,2664,1621,2020,3953,1875,2341,1508,2627,2508,2821,2780,3114,2968,2982,3604,2980,3953,2425,3123,2844,3275,3953,3478,0,0,0
146,0,0,0,0,0,0,0,29,0,0,43,0,33,22,2,26,53,0,174,0,6,127,117,182,250,139,28,55,241,88,4,215,231,83,0,281,194,545,54,67,70,311,449,0,87,63,169,273,201,368,290,205,629,812,305,64,632,307,262,303,319,749,78,257,1025,684,353,53,549,112,226,777,322,620,1243,414,915,297,1145,1011,549,1144,1251,866,1500,1315,565,754,902,1974,2076,1355,831,616,1460,1513,1152,1431,616,2007,1364,730,351,1921,1475,1085,663,1295,1137,1502,2331,1285,926,762,1323,1413,1601,3135,372,1453,1864,1664,1209,927,1536,1206,1648,2224,2376,650,1879,1987,1153,701,925,1536,2081,1831,1712,1349,730,1980,1648,1183,1880,1875,3184,1918,1347,1678,1986,1654,2553,2234,2563,2381,2332,2577,2521,2189,2658,2255,2587,2932,2746,0,0,0
147,0,0,0,0,0,0,0,87,0,0,98,0,55,11,3,22,31,0,217,0,13,94,118,316,306,48,29,110,662,106,7,414,461,49,0,405,360,919,130,165,89,385,712,0,151,94,269,753,398,244,570,365,817,935,626,171,889,628,533,615,654,1215,191,523,1628,502,691,64,1223,263,359,1106,650,697,1993,316,1459,287,1613,1571,877,941,1860,1037,2378,1390,724,1094,1317,1734,1761,1770,1122,1081,1900,1915,1758,1938,467,2072,1625,1567,434,1451,1728,1850,838,904,1338,1933,2137,1812,1203,597,945,1009,2158,1892,477,2106,2575,2813,1076,1847,2112,1448,1968,1641,1758,1518,2141,1866,1788,864,1500,2062,2735,1839,1918,1824,739,2633,1968,1608,2093,2341,1918,3487,1396,2158,2251,1887,2811,2344,2583,3018,2441,3189,2852,2221,3258,2952,3070,3234,3207,0,0,0
148,0,0,0,0,0,0,0,54,0,0,61,0,21,12,5,31,40,0,119,0,8,80,115,116,167,154,19,51,189,96,3,155,171,61,0,230,136,397,40,52,48,164,242,0,88,45,184,210,178,405,200,168,521,589,215,38,504,216,206,214,226,498,41,209,832,792,250,52,391,66,153,756,238,1110,749,441,650,154,788,764,442,571,901,513,1089,804,361,548,837,1048,1064,984,1078,454,1086,1099,992,1001,581,1119,1010,532,213,1038,1112,816,415,1122,814,1100,1199,1216,832,641,1185,1200,1173,1333,202,1107,1282,1213,966,686,1168,1186,1378,1097,1145,475,1343,1190,892,421,732,1192,1509,974,1266,1135,1256,1431,1378,1026,1383,1508,1347,1396,2352,1528,1403,1506,1553,1669,1694,1768,1821,1849,1919,2352,1922,1721,1988,2191,2109,0,0,0
149,0,0,0,0,0,0,0,91,0,0,100,0,28,16,7,32,51,0,179,0,17,120,100,237,284,172,67,94,382,22,0,248,284,88,0,402,371,863,70,91,89,493,600,0,193,134,317,442,230,497,317,329,1223,1212,358,115,1198,361,332,353,378,1312,121,371,1575,711,412,42,826,185,297,1465,397,604,1490,606,1393,380,1419,1501,715,1073,1832,1056,1631,770,983,859,1756,1883,1975,1889,950,848,1838,2090,1983,1954,796,1468,1666,1015,519,1578,1795,1431,1077,1038,1429,2004,1662,1538,1568,574,914,1025,2110,1649,522,2136,2411,1892,1443,1302,2045,1595,2842,1480,1562,931,2583,1987,1870,1091,1420,1999,2892,1385,2370,2088,887,2475,2842,2303,2271,2627,1678,2158,1528,3679,2448,2560,2421,2657,2461,2971,2936,2888,3210,2420,3047,2985,3477,3530,3679,0,0,0
150,0,0,0,0,0,0,0,83,0,0,92,0,28,26,4,20,42,0,157,0,15,117,176,284,519,51,65,97,422,14,1,387,434,53,0,434,442,1137,78,99,109,459,897,0,197,121,369,476,198,267,485,436,1320,1662,526,97,920,529,466,522,542,1202,116,492,1952,519,588,132,1149,185,340,1186,571,674,1369,361,1876,484,1853,1889,886,1559,1984,1956,1523,944,880,1148,1367,2407,2308,2363,923,1112,2428,2047,2198,2044,504,1966,1736,1220,483,2186,1830,1952,1008,814,1386,2584,2436,1521,1444,557,845,865,2788,1946,608,2306,2738,1820,1462,1602,2345,1479,2226,1501,1623,1130,3304,1889,2256,1038,1795,2246,2981,1650,2244,1883,722,3362,2226,1814,2264,2508,1986,2251,1403,2448,4164,2080,2878,3004,2958,4029,2862,3997,3285,2415,4164,3448,3608,3783,3796,0,0,0
151,0,0,0,0,0,0,0,41,0,0,52,0,17,13,6,43,54,0,140,0,10,115,145,211,209,175,44,98,494,66,2,159,194,84,0,248,272,670,79,91,76,362,601,0,119,109,178,562,231,419,219,219,1197,1331,274,106,1379,275,216,270,283,1053,113,240,1268,784,311,61,830,151,275,1800,301,695,1113,522,1032,282,1017,1060,487,1068,1520,915,1343,796,669,646,1896,1943,1923,1461,965,644,1849,1782,1818,1720,744,1306,1618,999,365,1673,1733,1289,775,1029,1643,1599,1551,1631,1907,564,1055,1090,1683,1632,411,1714,1874,1542,1527,1191,1875,1966,2931,1463,1539,906,2554,2310,1429,798,1059,1774,2447,1364,2710,2192,897,1953,2931,1680,2146,2821,1654,1887,1506,2560,2080,3656,2404,2518,2561,2558,3449,2603,3327,2399,2760,2784,3281,3656,3426,0,0,0
152,0,0,0,0,0,0,0,73,0,0,83,0,43,29,7,31,36,0,202,0,14,106,169,285,366,84,47,141,570,99,5,274,312,66,0,429,371,902,85,111,95,446,772,0,152,113,290,621,309,342,381,298,1210,1519,422,107,1188,424,362,417,442,1193,132,372,1640,608,500,77,1011,186,345,1558,455,729,1754,417,1492,416,1698,1599,803,1891,1910,1309,2106,1530,826,1102,1628,2530,2528,2002,1075,893,2330,2020,1953,2178,595,2693,1724,1271,486,2272,1820,1762,952,1157,2165,2196,2684,1700,1411,784,1247,1291,2327,2530,545,2257,2634,2370,1592,1545,2171,1894,2349,2092,2248,1162,2825,2581,1797,1002,1404,2101,3043,2411,2486,2166,826,2889,2349,1699,2323,2780,2553,2811,1553,2421,2878,2404,4221,2809,3696,3387,3246,3655,3414,2582,3739,3187,3522,3894,3709,0,0,0
153,0,0,0,0,0,0,0,92,0,0,102,0,38,26,5,37,43,0,198,0,13,131,205,311,305,170,69,90,415,66,1,273,301,78,0,429,461,693,65,81,85,468,749,0,196,111,313,455,251,468,350,318,1137,1498,382,120,1018,383,330,378,394,1106,136,345,1497,806,436,117,916,198,368,1385,413,773,1450,584,1329,378,1552,1433,760,1208,1777,1299,1716,1006,828,987,1704,2372,2275,2490,998,914,2360,1992,2070,1830,823,1831,1698,1107,438,2197,1826,1651,957,1166,1412,2744,2296,1697,1531,757,1133,1158,2818,2198,524,1980,2420,1987,2297,1393,2163,1622,2562,1803,1904,987,3062,2409,1784,989,1383,2682,2820,1589,2817,2343,924,2771,2562,1818,2356,3114,2234,2344,1669,2657,3004,2518,2809,4365,3073,3515,3415,3505,3973,2742,3654,3284,3610,4365,3847,0,0,0
154,0,0,0,0,0,0,0,55,0,0,66,0,41,28,6,26,51,0,147,0,11,94,163,288,355,118,63,116,593,87,5,239,278,93,0,372,362,854,90,119,94,428,824,0,141,115,271,646,297,389,342,298,1273,1638,378,108,1097,379,339,373,401,1041,131,344,1607,667,455,96,1050,191,352,1550,419,807,1522,466,1443,386,1555,1518,746,1777,1784,1428,1854,1282,764,1036,1695,2804,2627,1991,1023,880,2316,1966,1885,1972,699,2281,1628,1273,427,2564,1715,1732,899,1321,2041,2181,2634,1723,1440,1031,1423,1429,2302,2536,520,2049,2406,2110,1852,1550,2157,1918,2390,2033,2157,1142,3072,2809,1689,950,1313,2246,2822,2120,2850,2287,926,2798,2390,1602,2247,2968,2563,2583,1694,2461,2958,2561,3696,3073,4456,3415,3512,3610,3685,2786,3747,3236,3591,4154,3803,0,0,0
155,0,0,0,0,0,0,0,92,0,0,106,0,45,26,5,32,50,0,235,0,17,142,206,390,531,61,70,114,448,46,1,417,466,72,0,559,488,1254,89,113,136,550,920,0,213,142,440,510,326,320,526,533,1358,1699,572,169,1132,575,541,566,591,1521,188,547,2343,667,640,132,1197,271,477,1394,626,839,1904,431,2087,585,2121,2153,1058,1514,2442,1881,2168,1296,1055,1325,1624,2540,2473,2676,1257,1369,2803,2526,2547,2522,631,2353,2174,1417,599,2271,2303,2149,1211,1082,1621,2942,2906,1793,1769,713,1070,1158,3167,2335,787,2841,3447,2590,1770,1881,2912,1777,2745,1857,1989,1284,3453,2243,2594,1246,2117,2538,3724,1983,2688,2202,917,3866,2745,2283,2848,2982,2381,3018,1768,2971,4029,2558,3387,3515,3415,4926,3439,4664,3881,3005,4926,4185,4370,4492,4603,0,0,0
156,0,0,0,0,0,0,0,93,0,0,103,0,30,25,7,43,60,0,186,0,12,123,201,307,319,173,69,128,609,80,4,215,256,104,0,386,343,816,94,115,91,427,791,0,184,130,280,672,293,498,304,252,1455,1822,359,131,1396,361,300,353,374,1188,146,321,1549,859,424,77,1025,197,371,1910,392,844,1402,613,1329,382,1384,1336,715,1451,1822,1335,1697,1085,808,971,2070,2654,2551,1926,1159,838,2537,2075,2143,2028,877,1792,1842,1289,448,2380,1981,1719,943,1290,2165,2122,2231,1915,1994,783,1295,1338,2244,2308,549,2069,2369,1975,2474,1523,2232,2360,3108,1917,2008,1146,3412,2917,1790,979,1352,2397,2957,1834,3719,2764,1015,2581,3108,1947,2486,3604,2332,2441,1821,2936,2862,3449,3246,3415,3512,3439,4764,3491,4405,2976,3700,3435,3923,4764,4152,0,0,0
157,0,0,0,0,0,0,0,92,0,0,107,0,50,26,5,31,48,0,251,0,17,138,203,384,531,63,66,121,471,104,2,402,444,74,0,551,467,1210,82,98,132,536,904,0,217,143,397,526,379,343,505,485,1332,1709,549,171,1122,551,506,544,561,1481,191,506,2135,716,612,131,1147,267,456,1423,600,918,1986,453,2023,568,2077,2070,1025,1633,2331,1935,2374,1539,1045,1287,1608,2591,2530,2605,1371,1281,2859,2416,2503,2481,661,2693,2088,1393,605,2381,2215,2116,1200,1142,1685,2880,3102,1878,1706,772,1210,1263,3083,2533,773,2734,3325,2794,1779,1811,2849,1825,2682,2021,2164,1270,3438,2395,2587,1237,2116,2519,3621,2192,2689,2199,971,3786,2682,2217,2861,2980,2577,3189,1849,2888,3997,2603,3655,3505,3610,4664,3491,5014,3873,3088,5014,4139,4354,4522,4576,0,0,0
158,0,0,0,0,0,0,0,92,0,0,105,0,47,27,7,42,56,0,201,0,15,137,206,395,326,177,70,136,659,80,6,415,463,99,0,465,443,865,130,160,88,500,938,0,204,126,337,753,351,524,566,322,1551,1893,626,171,1442,628,512,616,645,1280,196,546,1697,887,703,117,1340,257,480,1981,656,874,1577,650,1494,413,1631,1570,973,1537,2037,1492,1828,1146,906,1273,2249,2839,2726,2380,1214,1160,2700,2302,2386,2176,928,1983,1995,1691,498,2535,2131,2082,1055,1350,2016,2603,2454,2239,1919,831,1340,1382,2828,2490,617,2308,2670,2187,2486,1944,2456,2241,3220,2064,2178,1514,3748,2993,2017,1093,1550,3050,3274,1953,3644,2933,1064,2991,3220,2099,2689,3953,2521,2852,1919,3210,3285,3327,3414,3973,3685,3881,4405,3873,5150,3164,4093,3751,4251,5150,4511,0,0,0
159,0,0,0,0,0,0,0,75,0,0,85,0,35,15,5,38,61,0,205,0,11,117,162,202,274,180,35,78,323,102,5,265,294,93,0,387,255,702,62,84,92,340,486,0,144,80,298,357,255,517,357,308,867,1049,380,70,881,381,362,378,402,943,77,361,1414,937,432,83,731,124,264,1175,417,1110,1286,587,1161,297,1266,1268,736,1012,1546,969,1640,1187,663,926,1341,1870,1856,1634,1541,803,1797,1805,1609,1734,822,1759,1611,933,390,1751,1738,1358,766,1621,1320,1818,1993,1706,1371,1031,1695,1752,1948,2163,388,1833,2196,1876,1560,1207,1945,1725,2229,1749,1848,830,2321,1969,1529,783,1225,1885,2580,1524,2204,1781,1256,2362,2229,1707,2209,2425,2189,2221,2352,2420,2415,2399,2582,2742,2786,3005,2976,3088,3164,3943,3237,2913,3288,3642,3477,0,0,0
160,0,0,0,0,0,0,0,92,0,0,107,0,55,28,5,33,55,0,255,0,17,144,206,417,531,69,72,124,487,104,2,417,466,80,0,581,488,1254,94,118,154,574,941,0,217,151,441,557,395,357,532,541,1393,1739,578,171,1179,581,552,572,597,1573,198,551,2382,743,651,133,1245,280,507,1480,633,939,1993,469,2107,594,2152,2163,1090,1651,2501,1956,2378,1545,1116,1367,1694,2680,2608,2676,1414,1406,2956,2598,2632,2626,688,2693,2247,1490,640,2443,2382,2205,1280,1192,1755,2959,3156,1955,1857,806,1249,1309,3185,2612,807,2919,3575,2813,1881,1963,3048,1928,2855,2064,2213,1338,3572,2482,2594,1317,2117,2601,3880,2219,2856,2289,1003,3942,2855,2376,3021,3123,2658,3258,1922,3047,4164,2760,3739,3654,3747,4926,3700,5014,4093,3237,5317,4421,4623,4786,4867,0,0,0
161,0,0,0,0,0,0,0,72,0,0,84,0,34,16,4,19,55,0,229,0,14,125,170,342,477,60,84,115,426,49,2,413,453,64,0,556,412,1227,73,98,140,597,772,0,169,165,394,474,329,325,526,521,1143,1305,557,171,1115,560,578,550,577,1643,182,562,2382,688,613,101,1110,261,426,1342,604,809,1880,416,1933,494,1969,2040,1052,1316,2381,1528,2143,1336,1204,1236,1509,2132,2120,2338,1294,1295,2317,2497,2258,2470,632,2281,2334,1340,680,1982,2432,1947,1375,982,1554,2542,2545,1758,2168,655,1017,1099,2753,2210,692,2727,3321,2544,1585,1791,3281,1839,2873,1743,1899,1238,3121,2128,2373,1403,2117,2275,3635,1916,2617,2041,875,3520,2873,2652,3183,2844,2255,2952,1721,2985,3448,2784,3187,3284,3236,4185,3435,4139,3751,2913,4421,4877,4757,4419,4877,0,0,0
162,0,0,0,0,0,0,0,75,0,0,87,0,37,16,6,36,69,0,248,0,14,149,178,345,483,188,85,116,454,55,2,410,454,104,0,528,455,1225,104,129,145,633,833,0,183,168,374,531,327,555,527,502,1422,1556,581,163,1384,583,567,574,601,1667,176,570,2286,942,635,102,1163,248,422,1688,629,890,1916,662,1949,513,1970,2059,1037,1538,2371,1587,2217,1395,1249,1254,1878,2525,2531,2425,1365,1280,2466,2646,2406,2843,905,2362,2577,1393,700,2272,2710,2050,1423,1279,1837,2651,2674,2103,2151,743,1296,1396,2867,2541,709,2862,3373,2610,1892,1829,3257,2091,3393,2119,2251,1280,3490,2598,2526,1458,2093,2514,3933,2089,3065,2420,1061,3582,3393,2603,3498,3275,2587,3070,1988,3477,3608,3281,3522,3610,3591,4370,3923,4354,4251,3288,4623,4757,5413,4943,5413,0,0,0
163,0,0,0,0,0,0,0,93,0,0,107,0,55,28,7,45,70,0,239,0,17,154,206,417,436,189,79,139,660,92,6,417,465,124,0,542,488,1079,130,167,117,616,1028,0,210,160,390,753,379,567,573,432,1648,1978,626,171,1487,628,540,616,653,1516,198,566,2096,993,713,133,1401,272,507,1981,664,1014,1850,700,1835,509,1928,1912,1070,1734,2377,1752,2167,1402,1108,1391,2249,3083,2986,2676,1400,1295,2956,2663,2632,2575,1009,2380,2353,1726,616,2810,2502,2289,1296,1526,2165,2959,2876,2399,2168,967,1545,1606,3185,2891,718,2727,3206,2562,2486,2088,2946,2369,3558,2357,2500,1541,4068,3231,2352,1345,1876,3050,3824,2227,3856,2933,1179,3535,3558,2446,3186,3953,2932,3234,2191,3530,3783,3656,3894,4365,4154,4492,4764,4522,5150,3642,4786,4419,4943,5944,5224,0,0,0
164,0,0,0,0,0,0,0,93,0,0,108,0,41,19,7,46,73,0,274,0,19,167,186,368,497,191,85,128,481,57,2,415,463,113,0,600,473,1249,108,135,147,637,893,0,208,169,432,563,343,583,540,529,1497,1682,596,171,1487,599,578,588,618,1685,187,591,2382,992,658,107,1226,267,454,1774,647,959,1993,708,2045,552,2097,2131,1122,1628,2615,1674,2305,1442,1251,1355,2009,2729,2734,2559,1414,1342,2642,2914,2537,2843,982,2471,2615,1464,700,2451,2769,2142,1428,1381,1913,2798,2832,2200,2168,810,1389,1489,3017,2697,756,3033,3575,2720,2069,1924,3281,2147,3558,2244,2385,1340,3710,2766,2594,1463,2117,2689,4205,2168,3267,2581,1140,3764,3558,2652,3498,3478,2746,3207,2109,3679,3796,3426,3709,3847,3803,4603,4152,4576,4511,3477,4867,4877,5413,5224,5716,0,0,0
165,0,0,0,0,0,0,0,0,0,0,0,0,0,0,0,0,0,0,0,0,0,0,0,0,0,0,0,0,0,0,0,0,0,0,0,0,0,0,0,0,0,0,0,0,0,0,0,0,0,0,0,0,0,0,0,0,0,0,0,0,0,0,0,0,0,0,0,0,0,0,0,0,0,0,0,0,0,0,0,0,0,0,0,0,0,0,0,0,0,0,0,0,0,0,0,0,0,0,0,0,0,0,0,0,0,0,0,0,0,0,0,0,0,0,0,0,0,0,0,0,0,0,0,0,0,0,0,0,0,0,0,0,0,0,0,0,0,0,0,0,0,0,0,0,0,0,0,0,0,0,0,0,0,0,0,0,0,0,0,0,0,0,0,0,0,0,0,0
166,0,0,0,0,0,0,0,0,0,0,0,0,0,0,0,0,0,0,0,0,0,0,0,0,0,0,0,0,0,0,0,0,0,0,0,0,0,0,0,0,0,0,0,0,0,0,0,0,0,0,0,0,0,0,0,0,0,0,0,0,0,0,0,0,0,0,0,0,0,0,0,0,0,0,0,0,0,0,0,0,0,0,0,0,0,0,0,0,0,0,0,0,0,0,0,0,0,0,0,0,0,0,0,0,0,0,0,0,0,0,0,0,0,0,0,0,0,0,0,0,0,0,0,0,0,0,0,0,0,0,0,0,0,0,0,0,0,0,0,0,0,0,0,0,0,0,0,0,0,0,0,0,0,0,0,0,0,0,0,0,0,0,0,0,0,0,0,0
167,0,0,0,0,0,0,0,0,0,0,0,0,0,0,0,0,0,0,0,0,0,0,0,0,0,0,0,0,0,0,0,0,0,0,0,0,0,0,0,0,0,0,0,0,0,0,0,0,0,0,0,0,0,0,0,0,0,0,0,0,0,0,0,0,0,0,0,0,0,0,0,0,0,0,0,0,0,0,0,0,0,0,0,0,0,0,0,0,0,0,0,0,0,0,0,0,0,0,0,0,0,0,0,0,0,0,0,0,0,0,0,0,0,0,0,0,0,0,0,0,0,0,0,0,0,0,0,0,0,0,0,0,0,0,0,0,0,0,0,0,0,0,0,0,0,0,0,0,0,0,0,0,0,0,0,0,0,0,0,0,0,0,0,0,0,0,0,0
#6496